Facility ID,State,Clinical Outcomes Score,Person and Community Engagement Score, Safety Score,Efficiency and Cost Reduction Score,TPS
10001,AL,60,45,40,0,36.25
10005,AL,38,35,40,0,28.25
10006,AL,22,25,56,0,25.75
10007,AL,6.666666667,52,,0,19.55555556
10011,AL,26,28,32,0,21.5
10012,AL,45,14,90,30,44.75
10016,AL,48,21,66,0,33.75
10019,AL,50,42,38,0,32.5
10021,AL,30,54,,0,28
10023,AL,32,26,2,0,15
10024,AL,18,29,34,0,20.25
10029,AL,12,39,58,30,34.75
10033,AL,54,37,24,10,31.25
10034,AL,50,49,,100,66.33333333
10035,AL,18,20,46,0,21
10036,AL,72,16,75,10,43.25
10038,AL,22,32,50,10,28.5
10039,AL,30,32,24,0,21.5
10040,AL,38,18,80,0,34
10045,AL,6.666666667,83,,50,46.55555556
10046,AL,62,30,50,40,45.5
10049,AL,40,25,50,30,36.25
10052,AL,15,61,,0,25.33333333
10055,AL,8,26,50,10,23.5
10056,AL,70,48,38,0,39
10061,AL,32.5,31,,0,21.16666667
10062,AL,33.33333333,59,,10,34.11111111
10065,AL,42,53,100,0,48.75
10069,AL,33.33333333,40,,0,24.44444444
10073,AL,30,82,,20,44
10078,AL,32,22,16,10,20
10079,AL,7.5,31,33.33333333,30,25.45833333
10083,AL,36,54,55,30,43.75
10085,AL,40,22,26,10,24.5
10086,AL,23.33333333,65,,0,29.44444444
10087,AL,,26,58,0,28
10089,AL,25,37,35,0,24.25
10090,AL,44,37,56,10,36.75
10092,AL,34,14,18,0,16.5
10099,AL,36.66666667,50,,0,28.88888889
10100,AL,30,46,42,30,37
10103,AL,42,33,60,0,33.75
10104,AL,48,41,34,0,30.75
10108,AL,82.5,62,15,30,47.375
10112,AL,16.66666667,46,,60,40.88888889
10113,AL,30,48,24,0,25.5
10114,AL,22,23,46,0,22.75
10118,AL,15,18,90,10,33.25
10120,AL,16.66666667,87,,0,34.55555556
10125,AL,50,56,,50,52
10129,AL,25,66,,30,40.33333333
10130,AL,13.33333333,67,,50,43.44444444
10131,AL,26,25,38,20,27.25
10139,AL,42,30,22,0,23.5
10144,AL,22,30,26,20,24.5
10148,AL,83.33333333,34,,50,55.77777778
10149,AL,30,33,14,0,19.25
10150,AL,0,26,,0,8.666666667
10157,AL,36.66666667,50,,20,35.55555556
10158,AL,27.5,48,,10,28.5
10164,AL,46,36,100,10,48
10168,AL,33.33333333,95,,50,59.44444444
10169,AL,20,56,,70,48.66666667
10173,AL,30,93,,70,64.33333333
20001,AK,36,23,12,50,30.25
20006,AK,46,17,90,100,63.25
20008,AK,47.5,62,,40,49.83333333
20012,AK,54,58,26.66666667,100,59.66666667
20017,AK,46,41,28,70,46.25
20018,AK,26.66666667,25,,100,50.55555556
20024,AK,30,30,,90,50
20026,AK,42,15,24,60,35.25
30002,AZ,28,28,28,10,23.5
30006,AZ,40,13,22,0,18.75
30007,AZ,44,31,60,20,38.75
30010,AZ,58,16,54,0,32
30011,AZ,34,20,50,0,26
30012,AZ,44,20,48,0,28
30013,AZ,44,15,24,10,23.25
30014,AZ,44,32,42,0,29.5
30016,AZ,30,20,64,30,36
30022,AZ,,13,18,0,10.33333333
30023,AZ,32,20,28,0,20
30024,AZ,37.5,19,28,0,21.125
30030,AZ,34,12,44,0,22.5
30036,AZ,26,21,10,0,14.25
30037,AZ,50,11,36.66666667,10,26.91666667
30038,AZ,40,29,38,10,29.25
30043,AZ,30,24,50,50,38.5
30055,AZ,34,16,80,60,47.5
30061,AZ,54,15,42,30,35.25
30062,AZ,60,29,50,80,54.75
30064,AZ,48,21,44,0,28.25
30065,AZ,42,13,44,0,24.75
30068,AZ,20,44,,20,28
30069,AZ,40,11,95,30,44
30071,AZ,43.33333333,22,,100,55.11111111
30073,AZ,65,42,,100,69
30083,AZ,20,28,87.5,20,38.875
30084,AZ,45,56,,100,67
30085,AZ,14,21,58,20,28.25
30087,AZ,62,22,36,0,30
30088,AZ,22,15,50,0,21.75
30089,AZ,26,13,22,0,15.25
30092,AZ,30,22,24,0,19
30093,AZ,44,14,46,40,36
30094,AZ,50,18,54,0,30.5
30101,AZ,46,11,44,70,42.75
30103,AZ,84,88,32,40,61
30105,AZ,50,29,60,10,37.25
30110,AZ,28,19,94,0,35.25
30111,AZ,55,24,57.5,50,46.625
30114,AZ,42,24,,30,32
30115,AZ,34,17,32,40,30.75
30117,AZ,42,23,,40,35
30119,AZ,60,25,34,10,32.25
30121,AZ,48,14,56,10,32
30122,AZ,35,27,48,0,27.5
30123,AZ,66,45,42,30,45.75
30130,AZ,17.5,36,5,60,29.625
30134,AZ,53.33333333,67,,80,66.77777778
40001,AR,37.5,35,,40,37.5
40002,AR,45,36,,0,27
40004,AR,42,27,24,10,25.75
40007,AR,60,15,54,10,34.75
40010,AR,44,26,28,20,29.5
40011,AR,36.66666667,51,,100,62.55555556
40014,AR,32,36,60,0,32
40015,AR,35,55,,0,30
40016,AR,38,26,2,0,16.5
40017,AR,32.5,24,,20,25.5
40019,AR,16.66666667,33,,60,36.55555556
40020,AR,22,22,34,0,19.5
40022,AR,24,21,26,0,17.75
40026,AR,64,19,62,0,36.25
40027,AR,38,37,58,20,38.25
40029,AR,36,44,40,0,30
40036,AR,10,17,18,20,16.25
40039,AR,17.5,22,5,0,11.125
40041,AR,40,20,47.5,0,26.875
40050,AR,35,42,,40,39
40051,AR,66.66666667,34,,80,60.22222222
40055,AR,40,15,28,0,20.75
40062,AR,44,23,34,0,25.25
40067,AR,16.66666667,39,,0,18.55555556
40069,AR,23.33333333,6,,40,23.11111111
40071,AR,36,39,6,0,20.25
40072,AR,40,94,,60,64.66666667
40076,AR,36.66666667,80,,30,48.88888889
40078,AR,26,8,44,10,22
40084,AR,38,26,42.5,10,29.125
40085,AR,26.66666667,55,,90,57.22222222
40088,AR,28,37,75,0,35
40114,AR,8,17,22,0,11.75
40118,AR,22,28,52,10,28
40119,AR,16,38,24,0,19.5
40134,AR,50,82,5,30,41.75
40137,AR,62.5,18,30,0,27.625
40154,AR,44,41,25,40,37.5
50002,CA,34,20,43.33333333,0,24.33333333
50006,CA,60,20,48,40,42
50007,CA,54,37,56,30,44.25
50008,CA,30,23,52.5,20,31.375
50009,CA,48,19,20,50,34.25
50013,CA,56,42,53.33333333,20,42.83333333
50014,CA,50,49,,50,49.66666667
50017,CA,40,29,48,30,36.75
50022,CA,46,14,74,0,33.5
50024,CA,52,32,26.66666667,20,32.66666667
50025,CA,80,39,42,0,40.25
50026,CA,74,19,50,0,35.75
50028,CA,20,39,,30,29.66666667
50030,CA,80,8,75,100,65.75
50036,CA,20,17,34,0,17.75
50038,CA,12.5,21,18,0,12.875
50039,CA,36,31,50,30,36.75
50040,CA,50,15,56,100,55.25
50042,CA,42,34,70,50,49
50043,CA,74,15,54,0,35.75
50045,CA,42,16,0,60,29.5
50047,CA,34,23,46,30,33.25
50054,CA,52.5,35,15,0,25.625
50055,CA,52.5,34,56,40,45.625
50056,CA,30,12,34,0,19
50057,CA,48,17,28,20,28.25
50058,CA,80,30,80,0,47.5
50060,CA,15,16,18,0,12.25
50063,CA,82,16,50,10,39.5
50069,CA,42,31,48,0,30.25
50070,CA,,27,62.5,100,63.16666667
50071,CA,,24,44,50,39.33333333
50072,CA,,12,34,60,35.33333333
50073,CA,35,29,46,100,52.5
50075,CA,45,13,22,30,27.5
50076,CA,,15,38,100,51
50077,CA,60,19,22,0,25.25
50078,CA,10,17,75,0,25.5
50082,CA,68,21,18,10,29.25
50084,CA,32,18,42,10,25.5
50089,CA,20,28,52,0,25
50090,CA,22.5,23,,50,31.83333333
50091,CA,57.5,10,,0,22.5
50093,CA,50,25,22,30,31.75
50099,CA,76,16,50,0,35.5
50100,CA,60,53,28,10,37.75
50101,CA,12,29,82.5,0,30.875
50102,CA,45,27,47.5,0,29.875
50103,CA,66,16,36,0,29.5
50104,CA,70,13,44,0,31.75
50107,CA,36,25,40,50,37.75
50108,CA,48,31,40,10,32.25
50110,CA,25,20,,0,15
50112,CA,98,52,54,0,51
50113,CA,20,25,50,10,26.25
50115,CA,30,21,20,0,17.75
50116,CA,52,38,52,0,35.5
50118,CA,42,20,20,20,25.5
50121,CA,52,18,36,30,34
50122,CA,16,40,25,0,20.25
50124,CA,56,17,40,0,28.25
50125,CA,65,13,54,20,38
50126,CA,82,30,54,0,41.5
50127,CA,25,42,7.5,60,33.625
50128,CA,42,19,10,10,20.25
50129,CA,20,16,30,0,16.5
50131,CA,25,41,,70,45.33333333
50132,CA,96,41,44,0,45.25
50133,CA,14,18,56,10,24.5
50135,CA,100,9,22.5,0,32.875
50136,CA,66,22,,20,36
50137,CA,,19,52,0,23.66666667
50138,CA,,25,48,20,31
50139,CA,,25,38,100,54.33333333
50140,CA,,43,26,40,36.33333333
50145,CA,48,34,30,50,40.5
50149,CA,67.5,13,30,30,35.125
50150,CA,34,29,60,50,43.25
50152,CA,40,14,43.33333333,0,24.33333333
50158,CA,66.66666667,15,50,0,32.91666667
50159,CA,26,19,30,10,21.25
50167,CA,16.66666667,15,18,0,12.41666667
50168,CA,48,24,38,0,27.5
50169,CA,74,35,22,30,40.25
50174,CA,58,13,46,10,31.75
50179,CA,30,24,38,0,23
50180,CA,90,39,38,20,46.75
50191,CA,22.5,11,32,0,16.375
50192,CA,35,18,,0,17.66666667
50194,CA,5,35,0,0,10
50195,CA,38,23,30,0,22.75
50197,CA,72,52,20,30,43.5
50204,CA,46,19,52,0,29.25
50211,CA,37.5,11,50,0,24.625
50222,CA,76,25,34,30,41.25
50224,CA,65,34,58,0,39.25
50226,CA,56,14,56,0,31.5
50228,CA,40,26,22,10,24.5
50230,CA,65,13,90,0,42
50231,CA,48,15,26,10,24.75
50232,CA,38,42,22.5,30,33.125
50234,CA,53.33333333,76,,90,73.11111111
50235,CA,72,17,58,0,36.75
50236,CA,50,22,56,0,32
50238,CA,88,14,32,0,33.5
50239,CA,96,20,46,0,40.5
50242,CA,50,20,38,0,27
50243,CA,34,19,16,0,17.25
50245,CA,37.5,14,42,10,25.875
50248,CA,16.66666667,16,68,0,25.16666667
50261,CA,20,15,52.5,0,21.875
50262,CA,82,42,20,0,36
50272,CA,42,31,50,40,40.75
50276,CA,60,26,68,70,56
50278,CA,46,26,64,0,34
50279,CA,30,16,50,50,36.5
50280,CA,24,23,18,0,16.25
50281,CA,75,64,83.33333333,0,55.58333333
50283,CA,52,26,60,0,34.5
50289,CA,64,18,42.5,20,36.125
50290,CA,96,14,44,0,38.5
50291,CA,42,35,74,30,45.25
50292,CA,13.33333333,37,46,0,24.08333333
50295,CA,24,21,32,0,19.25
50298,CA,62.5,16,,0,26.16666667
50300,CA,80,10,16,0,26.5
50301,CA,42.5,31,53.33333333,40,41.70833333
50305,CA,60,9,58,0,31.75
50308,CA,56,34,42,0,33
50309,CA,44,30,52,30,39
50313,CA,60,20,100,0,45
50315,CA,40,20,44,0,26
50320,CA,60,13,12,0,21.25
50324,CA,64,43,28,10,36.25
50327,CA,60,20,34,0,28.5
50329,CA,35,17,42,0,23.5
50334,CA,32,34,64,10,35
50335,CA,12,22,82.5,80,49.125
50336,CA,62,17,36,30,36.25
50342,CA,46,14,33.33333333,50,35.83333333
50348,CA,50,32,22,0,26
50350,CA,76,14,90,10,47.5
50351,CA,56,41,24,20,35.25
50352,CA,37.5,59,,60,52.16666667
50353,CA,30,29,72,40,42.75
50357,CA,50,90,,20,53.33333333
50360,CA,68,12,32,0,28
50367,CA,38,17,56,10,30.25
50373,CA,25,29,34,50,34.5
50376,CA,42.5,8,24,20,23.625
50378,CA,20,8,,0,9.333333333
50380,CA,60,12,30,0,25.5
50382,CA,52,18,46,0,29
50390,CA,28,7,62,10,26.75
50393,CA,70,22,32,30,38.5
50394,CA,46,48,42,0,34
50396,CA,56,44,24,0,31
50407,CA,45,40,,60,48.33333333
50411,CA,,37,28,70,45
50414,CA,22,26,32.5,60,35.125
50417,CA,47.5,20,,90,52.5
50424,CA,72.5,66,26,30,48.625
50425,CA,40,13,18,80,37.75
50426,CA,75,30,15,20,35
50438,CA,78,26,32,0,34
50441,CA,78,42,28,0,37
50444,CA,46,26,24,20,29
50454,CA,78,44,8,0,32.5
50455,CA,18,19,36,0,18.25
50457,CA,58,15,5,40,29.5
50464,CA,12,21,30,10,18.25
50468,CA,70,12,50,0,33
50471,CA,70,18,12,0,25
50481,CA,34,14,20,0,17
50485,CA,62,16,22,0,25
50488,CA,40,16,36,0,23
50492,CA,36,17,24,0,19.25
50496,CA,70,30,26,20,36.5
50498,CA,40,35,50,60,46.25
50503,CA,72,27,18,20,34.25
50506,CA,22.5,16,62.5,10,27.75
50510,CA,,24,30,90,48
50512,CA,,23,32.5,80,45.16666667
50515,CA,,42,34,100,58.66666667
50516,CA,42,22,28,30,30.5
50517,CA,37.5,16,56,0,27.375
50523,CA,44,18,48,20,32.5
50526,CA,72.5,30,50,10,40.625
50528,CA,0,13,,60,24.33333333
50534,CA,16,15,33.33333333,40,26.08333333
50537,CA,58,38,,40,45.33333333
50541,CA,,49,28,30,35.66666667
50549,CA,62,20,38,0,30
50551,CA,56,12,36,0,26
50557,CA,60,17,54,20,37.75
50561,CA,,25,40,100,55
50567,CA,42,26,30,20,29.5
50568,CA,58,30,42.5,60,47.625
50570,CA,54,14,24,0,23
50573,CA,44,35,28,30,34.25
50580,CA,65,16,,0,27
50581,CA,78,19,30,0,31.75
50586,CA,60,15,,30,35
50588,CA,66,32,100,0,49.5
50589,CA,20,30,26.66666667,0,19.16666667
50590,CA,46,14,2,40,25.5
50597,CA,40,18,22.5,0,20.125
50599,CA,84,23,24,20,37.75
50603,CA,34,15,28,0,19.25
50604,CA,33.33333333,12,16,60,30.33333333
50608,CA,13.33333333,23,50,30,29.08333333
50609,CA,,32,20,40,30.66666667
50616,CA,66,48,25,40,44.75
50624,CA,66,16,26,0,27
50625,CA,100,28,12,0,35
50633,CA,42,22,25,20,27.25
50636,CA,40,16,44,0,25
50641,CA,62.5,21,,0,27.83333333
50663,CA,92.5,21,22.5,0,34
50674,CA,37.5,20,30,30,29.375
50677,CA,,14,42,100,52
50678,CA,48,18,62,0,32
50684,CA,30,15,60,60,41.25
50686,CA,,27,42,30,33
50689,CA,26,17,25,10,19.5
50690,CA,,35,38,100,57.66666667
50696,CA,72.5,32,10,0,28.625
50701,CA,20,18,16,40,23.5
50704,CA,88,12,70,0,42.5
50709,CA,72,22,32.5,30,39.125
50710,CA,,22,32,100,51.33333333
50723,CA,,26,40,70,45.33333333
50724,CA,40,34,66.66666667,10,37.66666667
50735,CA,50,26,70,0,36.5
50736,CA,38,20,0,0,14.5
50737,CA,47.5,51,34,0,33.125
50738,CA,50,36,66.66666667,0,38.16666667
50739,CA,95,14,84,0,48.25
50740,CA,64,25,46.66666667,0,33.91666667
50742,CA,86,8,30,0,31
50744,CA,,10,57.5,0,22.5
50745,CA,70,8,75,0,38.25
50746,CA,65,12,24,0,25.25
50748,CA,,20,24,70,38
50755,CA,74,24,66.66666667,0,41.16666667
50757,CA,70,16,15,0,25.25
50758,CA,,24,10,0,11.33333333
50760,CA,,26,42.5,60,42.83333333
50761,CA,62,18,60,0,35
50763,CA,96.66666667,,66.66666667,0,54.44444444
50764,CA,50,17,62,60,47.25
50765,CA,,29,45,100,58
50767,CA,,24,46,0,23.33333333
50770,CA,36,31,50,10,31.75
50771,CA,45,11,66.66666667,0,30.66666667
50772,CA,,17,50,40,35.66666667
50775,CA,68,22,46,30,41.5
50776,CA,10,14,0,0,6
50777,CA,,15,28,70,37.66666667
50779,CA,56.66666667,31,80,10,44.41666667
50782,CA,86.66666667,75,,0,53.88888889
60001,CO,52,21,34,20,31.75
60003,CO,60,36,5,0,25.25
60004,CO,50,52,90,30,55.5
60006,CO,52,61,,60,57.66666667
60008,CO,20,28,,30,26
60009,CO,24,45,30,0,24.75
60010,CO,50,32,56,40,44.5
60011,CO,47.5,21,26,60,38.625
60012,CO,42,35,90,0,41.75
60013,CO,70,56,82.5,40,62.125
60014,CO,24,59,50,0,33.25
60015,CO,46,23,42,0,27.75
60020,CO,26,16,42,0,21
60022,CO,56,20,18,0,23.5
60023,CO,32,31,36,0,24.75
60024,CO,56,27,22,10,28.75
60027,CO,78,25,42,10,38.75
60028,CO,48,65,40,30,45.75
60030,CO,54,30,85,0,42.25
60031,CO,56,23,18,10,26.75
60032,CO,60,45,52,10,41.75
60034,CO,44,39,44,0,31.75
60044,CO,35,33,,30,32.66666667
60049,CO,60,79,,80,73
60054,CO,50,27,15,20,28
60064,CO,50,29,22,20,30.25
60065,CO,42,16,52,30,35
60071,CO,32.5,57,,50,46.5
60075,CO,58,60,0,0,29.5
60076,CO,25,45,,10,26.66666667
60096,CO,80,63,,50,64.33333333
60100,CO,46,19,44,0,27.25
60103,CO,45,36,5,10,24
60104,CO,42,50,42,40,43.5
60112,CO,72,27,48,10,39.25
60113,CO,16,29,40,20,26.25
60114,CO,68,32,56,10,41.5
60116,CO,44,50,50,30,43.5
60119,CO,64,44,30,0,34.5
60125,CO,35,33,80,50,49.5
60128,CO,50,48,73.33333333,0,42.83333333
70002,CT,40,35,42,10,31.75
70003,CT,36,37,100,0,43.25
70004,CT,38,36,,60,44.66666667
70005,CT,46,28,44,40,39.5
70006,CT,60,41,64,0,41.25
70007,CT,44,17,24,10,23.75
70008,CT,20,43,,50,37.66666667
70010,CT,56,20,4,0,20
70011,CT,7.5,14,58,0,19.875
70012,CT,26.66666667,18,50,50,36.16666667
70016,CT,28,22,40,0,22.5
70017,CT,40,57,38,0,33.75
70018,CT,68,47,28,20,40.75
70020,CT,38,41,54,20,38.25
70021,CT,47.5,35,,40,40.83333333
70022,CT,76,17,14,0,26.75
70024,CT,50,28,26,0,26
70025,CT,42,28,30,0,25
70027,CT,70,15,56,30,42.75
70028,CT,42,20,42,0,26
70029,CT,38,35,75,20,42
70031,CT,48,53,34,0,33.75
70033,CT,46,23,40,0,27.25
70034,CT,28,25,44,0,24.25
70035,CT,36,21,20,0,19.25
70036,CT,28,26,52,0,26.5
80001,DE,50,25,40,0,28.75
80003,DE,34,17,6.666666667,10,16.91666667
80004,DE,60,19,24,0,25.75
80006,DE,24,38,67.5,0,32.375
80007,DE,50,39,30,0,29.75
80009,DE,40,25,57.5,0,30.625
90001,DC,50,18,20,0,22
90003,DC,67.5,6,38,0,27.875
90004,DC,30,25,24,0,19.75
90005,DC,34,38,50,40,40.5
90008,DC,47.5,15,52.5,0,28.75
90011,DC,52,23,40,0,28.75
100001,FL,72,25,14,20,32.75
100002,FL,48,10,22,0,20
100006,FL,36,24,26,10,24
100007,FL,82,43,46,10,45.25
100008,FL,58,25,20,0,25.75
100012,FL,62,16,54,10,35.5
100014,FL,54,36,57.5,0,36.875
100017,FL,38,14,26,10,22
100018,FL,76,14,40,0,32.5
100019,FL,50,19,34,0,25.75
100022,FL,40,13,42,0,23.75
100023,FL,46,20,2,40,27
100025,FL,48,24,28,0,25
100026,FL,48,15,46,0,27.25
100028,FL,30,24,34,10,24.5
100029,FL,38,19,66,10,33.25
100030,FL,66,17,36,30,37.25
100032,FL,36,11,30,0,19.25
100034,FL,100,30,16,0,36.5
100035,FL,28,15,42,10,23.75
100038,FL,40,32,22,10,26
100039,FL,56,13,18,0,21.75
100040,FL,52,23,26,0,25.25
100043,FL,56,65,40,20,45.25
100044,FL,32,14,32,0,19.5
100045,FL,34,26,70,0,32.5
100046,FL,50,35,50,20,38.75
100047,FL,28,25,70,30,38.25
100049,FL,20,27,43.33333333,0,22.58333333
100050,FL,62.5,8,33.33333333,0,25.95833333
100051,FL,62,29,60,30,45.25
100052,FL,32,22,26,10,22.5
100053,FL,55,28,60,0,35.75
100054,FL,42.5,41,75,50,52.125
100055,FL,52,27,75,10,41
100057,FL,40,45,36,40,40.25
100062,FL,32,19,48,0,24.75
100063,FL,36,33,26,30,31.25
100067,FL,48,30,24,0,25.5
100068,FL,46,40,38,0,31
100069,FL,65,53,52.5,0,42.625
100070,FL,26,10,66,0,25.5
100071,FL,34,15,82.5,10,35.375
100072,FL,76,37,26,10,37.25
100073,FL,50,15,64,0,32.25
100075,FL,68,43,14,0,31.25
100077,FL,36,10,94,0,35
100080,FL,46,14,36,10,26.5
100081,FL,20,97,,10,42.33333333
100084,FL,18,11,42,0,17.75
100086,FL,30,24,6,0,15
100087,FL,60,30,8,0,24.5
100088,FL,92,28,18,0,34.5
100090,FL,40,14,24,0,19.5
100092,FL,34,15,16,0,16.25
100093,FL,50,19,46,30,36.25
100099,FL,25,10,73.33333333,20,32.08333333
100102,FL,17.5,17,,30,21.5
100105,FL,54,17,24,0,23.75
100106,FL,22.5,62,,10,31.5
100107,FL,58,26,70,20,43.5
100109,FL,48,16,52,0,29
100110,FL,30,21,16,0,16.75
100113,FL,68,28,10,0,26.5
100117,FL,80,44,62,30,54
100118,FL,42,26,24,30,30.5
100121,FL,62,56,42.5,20,45.125
100122,FL,36,12,20,0,17
100124,FL,38,19,66.66666667,10,33.41666667
100125,FL,37.5,24,42,30,33.375
100126,FL,44,23,38,0,26.25
100127,FL,50,41,48,10,37.25
100131,FL,84,18,14,0,29
100132,FL,28,42,22,0,23
100135,FL,34,11,8,0,13.25
100137,FL,28,10,70,0,27
100140,FL,32.5,44,50,50,44.125
100142,FL,32,46,,0,26
100150,FL,42,25,40,0,26.75
100151,FL,58,77,34,20,47.25
100154,FL,40,27,22,0,22.25
100156,FL,50,30,60,20,40
100157,FL,18,15,22,0,13.75
100161,FL,62,23,28,20,33.25
100166,FL,54,18,32.5,10,28.625
100167,FL,60,22,22,0,26
100168,FL,26,13,30,10,19.75
100173,FL,40,18,34,0,23
100175,FL,40,56,,10,35.33333333
100176,FL,46,17,20,20,25.75
100177,FL,52,40,42.5,0,33.625
100179,FL,22,18,50,10,25
100180,FL,46.66666667,24,12,30,28.16666667
100181,FL,70,,86.66666667,0,52.22222222
100183,FL,88,17,50,0,38.75
100187,FL,48,20,32,0,25
100189,FL,27.5,10,40,0,19.375
100191,FL,44,19,46,0,27.25
100200,FL,50,19,26,0,23.75
100204,FL,40,12,32,0,21
100206,FL,56,18,56,10,35
100209,FL,82,12,8,0,25.5
100211,FL,35,31,,0,22
100212,FL,20,21,20,0,15.25
100213,FL,28,11,40,0,19.75
100217,FL,34,11,50,10,26.25
100220,FL,70,15,40,0,31.25
100223,FL,42,13,28,20,25.75
100224,FL,28,13,35,10,21.5
100226,FL,44,15,36,30,31.25
100228,FL,36,11,56,0,25.75
100230,FL,32.5,26,34,20,28.125
100231,FL,50,16,22,10,24.5
100232,FL,54,14,17.5,20,26.375
100236,FL,40,9,52,10,27.75
100238,FL,28,26,25,20,24.75
100242,FL,48,19,14,10,22.75
100243,FL,56,14,36,10,29
100244,FL,40,20,48,0,27
100246,FL,37.5,11,32,0,20.125
100248,FL,46,15,46,10,29.25
100249,FL,22,12,37.5,10,20.375
100252,FL,64,26,66.66666667,60,54.16666667
100253,FL,74,26,74,0,43.5
100254,FL,48,33,28,20,32.25
100256,FL,38,15,28,10,22.75
100258,FL,56,9,22,10,24.25
100259,FL,50,24,40,20,33.5
100260,FL,28,19,52,10,27.25
100264,FL,30,21,24,10,21.25
100265,FL,36,35,40,10,30.25
100266,FL,72,44,55,60,57.75
100267,FL,36,29,60,20,36.25
100268,FL,44,17,62,0,30.75
100269,FL,32.5,15,48,10,26.375
100275,FL,30,14,54,20,29.5
100276,FL,57.5,16,22,0,23.875
100281,FL,84,43,14,20,40.25
100284,FL,90,,92.5,0,60.83333333
100285,FL,58,49,68,20,48.75
100286,FL,62,11,60,20,38.25
100287,FL,38,16,14,10,19.5
100288,FL,45,15,26,0,21.5
100289,FL,46,39,42,30,39.25
100290,FL,22,10,32,0,16
100291,FL,26,29,40,10,26.25
100292,FL,38,58,27.5,20,35.875
100296,FL,82.5,42,47.5,0,43
100299,FL,62,24,62.5,10,39.625
100302,FL,42.5,14,63.33333333,0,29.95833333
100307,FL,50,29,28,10,29.25
100314,FL,73.33333333,38,28,10,37.33333333
100315,FL,44,82,50,0,44
100316,FL,40,48,40,0,32
100319,FL,56,59,27.5,20,40.625
100320,FL,57.5,25,0,40,30.625
100321,FL,58,36,56,30,45
100329,FL,47.5,22,23.33333333,0,23.20833333
110001,GA,26,15,20,40,25.25
110002,GA,0,46,66.66666667,0,28.16666667
110003,GA,42,31,12.5,10,23.875
110005,GA,66,40,54,20,45
110006,GA,50,29,30,30,34.75
110008,GA,30,69,28,10,34.25
110010,GA,76,42,10,20,37
110011,GA,48,24,56,0,32
110015,GA,25,37,,20,27.33333333
110016,GA,28,22,20,0,17.5
110018,GA,52,25,72.5,0,37.375
110023,GA,44,55,0,60,39.75
110024,GA,50,13,54,0,29.25
110025,GA,32,31,10,60,33.25
110027,GA,16.66666667,49,,20,28.55555556
110028,GA,38,18,22,0,19.5
110029,GA,62,14,22,30,32
110030,GA,64,34,82,40,55
110031,GA,22,24,32,0,19.5
110032,GA,55,24,,50,43
110034,GA,20,19,12,0,12.75
110035,GA,50,21,36,20,31.75
110036,GA,36,16,24,0,19
110038,GA,18,34,34,20,26.5
110041,GA,27.5,36,,60,41.16666667
110042,GA,46,43,48,50,46.75
110043,GA,26,20,28,0,18.5
110044,GA,15,27,55,20,29.25
110045,GA,13.33333333,19,,90,40.77777778
110046,GA,28,23,,20,23.66666667
110051,GA,27.5,37,,10,24.83333333
110054,GA,46,21,18,0,21.25
110064,GA,27.5,20,28,0,18.875
110069,GA,46,17,40,0,25.75
110073,GA,0,52,,10,20.66666667
110074,GA,52,22,46,20,35
110075,GA,32,16,70,0,29.5
110076,GA,22,17,24,0,15.75
110078,GA,56,13,34,10,28.25
110082,GA,62,29,30,30,37.75
110083,GA,72,27,30,30,39.75
110087,GA,44,15,14,10,20.75
110089,GA,20,29,46.66666667,0,23.91666667
110091,GA,32,13,32,10,21.75
110092,GA,3.333333333,50,,0,17.77777778
110095,GA,38,17,50,20,31.25
110104,GA,30,17,56.66666667,60,40.91666667
110105,GA,30,54,40,20,36
110107,GA,32,27,30,0,22.25
110109,GA,43.33333333,85,,60,62.77777778
110115,GA,32,15,34,10,22.75
110121,GA,16.66666667,60,,100,58.88888889
110122,GA,52,20,42,10,31
110124,GA,37.5,24,25,10,24.125
110125,GA,52,34,30,40,39
110128,GA,38,65,50,40,48.25
110129,GA,20,13,30,0,15.75
110132,GA,20,36,,70,42
110135,GA,25,16,,0,13.66666667
110142,GA,26.66666667,66,,40,44.22222222
110143,GA,42,18,38,10,27
110146,GA,32.5,63,,40,45.16666667
110153,GA,27.5,24,,30,27.16666667
110161,GA,78,45,46,20,47.25
110164,GA,42.5,28,58,0,32.125
110165,GA,64,8,46,40,39.5
110168,GA,60,27,30,40,39.25
110177,GA,20,20,76,10,31.5
110184,GA,42,20,42,40,36
110189,GA,42.5,21,,10,24.5
110191,GA,32,18,58,10,29.5
110192,GA,28,14,22,0,16
110194,GA,25,45,,100,56.66666667
110198,GA,38,35,50,0,30.75
110200,GA,26.66666667,35,36.66666667,0,24.58333333
110201,GA,27.5,20,,20,22.5
110215,GA,58,26,26,30,35
110225,GA,58,35,100,60,63.25
110226,GA,35,31,55,20,35.25
110229,GA,30,21,76,10,34.25
110230,GA,36,30,34,50,37.5
110233,GA,,77,65,0,47.33333333
120001,HI,56,28,40,20,36
120002,HI,66,17,26,80,47.25
120005,HI,28,46,62,70,51.5
120006,HI,34,75,42,50,50.25
120007,HI,66,32,57.5,0,38.875
120011,HI,73.33333333,55,32,100,65.08333333
120014,HI,34,38,46.66666667,60,44.66666667
120019,HI,50,17,37.5,50,38.625
120022,HI,64,54,66,10,48.5
120026,HI,62.5,50,92,50,63.625
120028,HI,27.5,54,,60,47.16666667
130002,ID,60,31,60,50,50.25
130003,ID,24,13,67.5,0,26.125
130006,ID,50,52,22,40,41
130007,ID,46,21,36,10,28.25
130013,ID,44,38,35,50,41.75
130014,ID,38,40,90,40,52
130018,ID,26,15,44,10,23.75
130025,ID,55,31,,0,28.66666667
130028,ID,30,24,42,0,24
130049,ID,52,36,44,0,33
130071,ID,36.66666667,62,,50,49.55555556
140001,IL,30,36,,60,42
140002,IL,36,35,34,40,36.25
140007,IL,54,14,44,0,28
140008,IL,42,18,44,10,28.5
140010,IL,92,27,44,20,45.75
140011,IL,24,19,22.5,20,21.375
140012,IL,30,40,5,70,36.25
140013,IL,58,31,86.66666667,60,58.91666667
140015,IL,60,35,26,20,35.25
140018,IL,40,11,20,0,17.75
140029,IL,50,49,40,0,34.75
140030,IL,68,29,52,0,37.25
140032,IL,36,47,85,20,47
140034,IL,64,53,35,30,45.5
140040,IL,17.5,24,,20,20.5
140043,IL,36,39,50,10,33.75
140046,IL,54,31,64,0,37.25
140048,IL,50,16,32,30,32
140052,IL,50,47,23.33333333,30,37.58333333
140053,IL,22,18,42,0,20.5
140054,IL,44,20,46,20,32.5
140058,IL,52.5,26,40,20,34.625
140059,IL,28,73,,0,33.66666667
140062,IL,72,21,34,0,31.75
140063,IL,67.5,46,73.33333333,60,61.70833333
140064,IL,58,35,65,0,39.5
140065,IL,54,43,48,10,38.75
140067,IL,36,22,28,10,24
140080,IL,18,21,40,0,19.75
140084,IL,72,5,64,0,35.25
140088,IL,62,29,20,10,30.25
140089,IL,25,50,,10,28.33333333
140091,IL,52,19,30,20,30.25
140093,IL,56,34,22,0,28
140095,IL,50,22,55,50,44.25
140100,IL,,80,40,10,43.33333333
140101,IL,36,65,90,0,47.75
140103,IL,66.66666667,6,22.5,10,26.29166667
140110,IL,23.33333333,37,65,30,38.83333333
140113,IL,32,28,35,0,23.75
140114,IL,56,16,32,0,26
140115,IL,26.66666667,76,,0,34.22222222
140116,IL,76,27,64,10,44.25
140117,IL,54,13,50,0,29.25
140119,IL,68,48,42,20,44.5
140120,IL,68,13,,50,43.66666667
140122,IL,72,23,30,0,31.25
140124,IL,60,19,8,40,31.75
140125,IL,16,5,5,10,9
140127,IL,40,27,50,30,36.75
140130,IL,72,48,62,30,53
140133,IL,50,9,15,0,18.5
140135,IL,46,22,48,0,29
140137,IL,40,69,,60,56.33333333
140143,IL,12.5,79,,0,30.5
140145,IL,30,78,,60,56
140147,IL,20,50,,40,36.66666667
140148,IL,28,25,26,0,19.75
140150,IL,52,16,24,0,23
140155,IL,42,23,12,20,24.25
140158,IL,58,12,36,0,26.5
140160,IL,56,34,73.33333333,0,40.83333333
140161,IL,27.5,41,,30,32.83333333
140162,IL,44,29,8,50,32.75
140164,IL,34,39,22,0,23.75
140166,IL,46,26,32.5,10,28.625
140172,IL,26,13,14,0,13.25
140174,IL,38,31,30,10,27.25
140179,IL,50,20,70,10,37.5
140180,IL,60,26,20,0,26.5
140181,IL,10,,36.66666667,0,15.55555556
140182,IL,66,27,36,0,32.25
140184,IL,32,14,80,20,36.5
140185,IL,42,30,58,20,37.5
140186,IL,70,21,20,10,30.25
140187,IL,60,50,52,10,43
140189,IL,22,55,54,30,40.25
140191,IL,44,13,36,0,23.25
140200,IL,54,40,58,10,40.5
140202,IL,60,20,28,30,34.5
140206,IL,65,19,50,0,33.5
140208,IL,62,25,22,10,29.75
140209,IL,44,27,38,30,34.75
140210,IL,30,33,,50,37.66666667
140211,IL,58,48,42,0,37
140213,IL,50,42,56,20,42
140217,IL,56,12,46.66666667,10,31.16666667
140223,IL,84,31,28,10,38.25
140224,IL,76,30,70,30,51.5
140228,IL,24,21,44,20,27.25
140231,IL,74,37,28,0,34.75
140233,IL,6,22,14,0,10.5
140234,IL,62,52,,0,38
140239,IL,38,20,48,0,26.5
140242,IL,48,42,30,0,30
140250,IL,76,19,30,0,31.25
140252,IL,54,26,24,10,28.5
140258,IL,86,15,26,10,34.25
140275,IL,54,24,60,60,49.5
140276,IL,60,17,38,10,31.25
140280,IL,38,28,40,40,36.5
140281,IL,88,35,10,0,33.25
140286,IL,86,31,42.5,20,44.875
140288,IL,78,49,36,10,43.25
140289,IL,56,56,42,10,41
140290,IL,44,19,34,10,26.75
140291,IL,76,42,24,30,43
140292,IL,35,14,40,0,22.25
140294,IL,47.5,42,,10,33.16666667
140304,IL,52,21,82.5,0,38.875
140307,IL,50,59,,30,46.33333333
150001,IN,42.5,59,,50,50.5
150002,IN,68,14,32,0,28.5
150004,IN,47.5,25,0,0,18.125
150005,IN,24,58,18,40,35
150006,IN,34,15,27.5,0,19.125
150007,IN,46,51,60,20,44.25
150008,IN,72,38,28,0,34.5
150009,IN,30,11,30,0,17.75
150010,IN,36,37,46.66666667,0,29.91666667
150011,IN,46,29,80,0,38.75
150012,IN,44,16,34,10,26
150015,IN,58,17,35,0,27.5
150017,IN,10,12,40,0,15.5
150018,IN,34,16,44,20,28.5
150021,IN,32,45,30,0,26.75
150022,IN,22.5,62,,30,38.16666667
150023,IN,12,45,42,0,24.75
150024,IN,74,27,30,0,32.75
150026,IN,34,31,22,0,21.75
150030,IN,0,64,85,0,37.25
150034,IN,50,21,68,10,37.25
150035,IN,30,15,42,0,21.75
150037,IN,46,55,65,0,41.5
150042,IN,16,22,30,0,17
150044,IN,22,17,12,0,12.75
150045,IN,50,34,,0,28
150046,IN,36,41,15,0,23
150047,IN,20,12,63.33333333,10,26.33333333
150048,IN,24,18,22,0,16
150051,IN,38,21,48,10,29.25
150056,IN,42,18,22,0,20.5
150057,IN,45,58,35,10,37
150058,IN,40,18,48,0,26.5
150059,IN,44,39,43.33333333,10,34.08333333
150061,IN,22.5,26,,0,16.16666667
150065,IN,32.5,76,97.5,0,51.5
150069,IN,22.5,44,55,0,30.375
150072,IN,33.33333333,31,,10,24.77777778
150074,IN,30,55,38,10,33.25
150075,IN,20,48,,50,39.33333333
150076,IN,22,23,,20,21.66666667
150082,IN,18,31,26,0,18.75
150084,IN,32,23,26,0,20.25
150086,IN,40,46,43.33333333,0,32.33333333
150088,IN,36,30,37.5,30,33.375
150089,IN,46,19,28,0,23.25
150090,IN,28,18,0,0,11.5
150091,IN,22.5,80,,40,47.5
150097,IN,32,59,,30,40.33333333
150100,IN,44,31,32,0,26.75
150101,IN,36.66666667,50,,60,48.88888889
150104,IN,24,50,,0,24.66666667
150109,IN,42,39,22,10,28.25
150112,IN,54,19,28,40,35.25
150113,IN,50,60,28,30,42
150115,IN,14,71,20,30,33.75
150125,IN,54,21,32,0,26.75
150126,IN,28,15,60,0,25.75
150128,IN,36,18,34,10,24.5
150133,IN,40,20,50,30,35
150146,IN,10,45,,20,25
150149,IN,,55,40,0,31.66666667
150150,IN,45,21,42,10,29.5
150153,IN,85,59,66.66666667,40,62.66666667
150157,IN,35,28,30,10,25.75
150158,IN,80,33,36,20,42.25
150161,IN,64,31,58,20,43.25
150162,IN,54,28,36,0,29.5
150165,IN,52,34,20,0,26.5
150169,IN,44,39,20,0,25.75
150173,IN,40,20,54,0,28.5
150181,IN,17.5,55,,90,54.16666667
150183,IN,48,57,,60,55
160001,IA,10,19,,100,43
160005,IA,27.5,76,,80,61.16666667
160013,IA,46.66666667,45,,100,63.88888889
160016,IA,44,47,40,50,45.25
160028,IA,70,30,30,30,40
160029,IA,76,46,26.66666667,80,57.16666667
160030,IA,38,56,44,30,42
160032,IA,25,60,,40,41.66666667
160040,IA,40,67,,50,52.33333333
160045,IA,42,24,36,40,35.5
160047,IA,24,48,36,30,34.5
160057,IA,26,15,12,50,25.75
160058,IA,62,34,24,0,30
160064,IA,18,17,22,30,21.75
160067,IA,24,25,44,40,33.25
160069,IA,70,41,44,60,53.75
160079,IA,68,27,42,60,49.25
160080,IA,28,28,46.66666667,40,35.66666667
160082,IA,48,24,28,40,35
160083,IA,30,12,38,10,22.5
160089,IA,52,11,,0,21
160104,IA,40,29,27.5,30,31.625
160110,IA,30,54,38,40,40.5
160112,IA,2.5,70,75,70,54.375
160117,IA,38,53,96.66666667,20,51.91666667
160122,IA,25,69,,30,41.33333333
160124,IA,27.5,76,,40,47.83333333
160146,IA,24,22,44,10,25
160147,IA,36.66666667,66,,70,57.55555556
160153,IA,20,13,30,0,15.75
170006,KS,24,35,,0,19.66666667
170009,KS,73.33333333,67,,60,66.77777778
170012,KS,14,25,28,0,16.75
170013,KS,54,23,76.66666667,0,38.41666667
170014,KS,40,42,,60,47.33333333
170016,KS,42,29,68,20,39.75
170017,KS,30,25,,20,25
170020,KS,30,13,53.33333333,0,24.08333333
170023,KS,26,26,75,0,31.75
170027,KS,47.5,78,,0,41.83333333
170040,KS,78,52,18,0,37
170049,KS,24,31,58,0,28.25
170068,KS,38,19,50,60,41.75
170074,KS,27.5,46,,0,24.5
170086,KS,50,21,28,10,27.25
170103,KS,38,29,53.33333333,0,30.08333333
170104,KS,56,52,40,0,37
170105,KS,3.333333333,57,,60,40.11111111
170109,KS,47.5,79,,40,55.5
170120,KS,52.5,53,,20,41.83333333
170122,KS,28,17,14,20,19.75
170123,KS,38,20,40,10,27
170133,KS,37.5,43,,50,43.5
170137,KS,28,47,50,40,41.25
170142,KS,46,32,60,30,42
170145,KS,17.5,40,,60,39.16666667
170146,KS,64,39,28,40,42.75
170175,KS,32,18,,20,23.33333333
170176,KS,66,26,62,20,43.5
170182,KS,64,28,62,0,38.5
170185,KS,74,53,13.33333333,20,40.08333333
170186,KS,55,63,43.33333333,30,47.83333333
170197,KS,60,19,56.66666667,20,38.91666667
170200,KS,28,32,0,50,27.5
180001,KY,25,41,18,0,21
180002,KY,42.5,59,46.66666667,30,44.54166667
180004,KY,30,56,,20,35.33333333
180009,KY,36,54,22,20,33
180010,KY,60,15,54,0,32.25
180011,KY,48,26,40,50,41
180012,KY,40,38,42,0,30
180013,KY,22,14,30,0,16.5
180017,KY,22,50,26,0,24.5
180018,KY,52,36,66.66666667,40,48.66666667
180019,KY,56,44,,30,43.33333333
180020,KY,52.5,32,70,40,48.625
180024,KY,27.5,40,,20,29.16666667
180025,KY,44,54,,30,42.66666667
180027,KY,40,43,46.66666667,0,32.41666667
180029,KY,34,16,48,0,24.5
180035,KY,60,44,18,0,30.5
180036,KY,38,53,30,0,30.25
180038,KY,40,43,32,0,28.75
180040,KY,40,13,24,0,19.25
180043,KY,70,73,,40,61
180044,KY,58,17,34,0,27.25
180045,KY,45,57,24,0,31.5
180048,KY,28,34,42,0,26
180049,KY,20,38,75,0,33.25
180050,KY,40,12,66.66666667,50,42.16666667
180051,KY,14,21,22.5,10,16.875
180056,KY,52,34,35,0,30.25
180064,KY,32.5,53,,60,48.5
180066,KY,13.33333333,55,,50,39.44444444
180067,KY,34,28,18,0,20
180069,KY,45,58,65,100,67
180070,KY,27.5,16,,0,14.5
180078,KY,12.5,35,,20,22.5
180079,KY,7.5,75,,20,34.16666667
180087,KY,56,22,43.33333333,0,30.33333333
180088,KY,44,26,8,10,22
180092,KY,44,29,100,30,50.75
180093,KY,36,19,12,0,16.75
180101,KY,2.5,30,,0,10.83333333
180102,KY,38,17,38,0,23.25
180103,KY,42,62,40,0,36
180104,KY,16,35,38,10,24.75
180105,KY,6.666666667,62,,0,22.88888889
180116,KY,30,27,27.5,0,21.125
180124,KY,26,38,32.5,0,24.125
180127,KY,32,20,30,0,20.5
180128,KY,36.66666667,77,,50,54.55555556
180130,KY,20,29,32,10,22.75
180132,KY,50,16,34,10,27.5
180138,KY,35,34,,50,39.66666667
180139,KY,23.33333333,61,,50,44.77777778
180141,KY,22.5,11,24,0,14.375
180143,KY,50,12,52,0,28.5
190002,LA,46,76,28,0,37.5
190004,LA,18,74,60,10,40.5
190005,LA,7.5,36,6,0,12.375
190006,LA,0,94,60,30,46
190007,LA,18,38,50,0,26.5
190008,LA,48,42,30,10,32.5
190011,LA,40,41,42.5,10,33.375
190013,LA,28,61,40,10,34.75
190014,LA,20,62,,20,34
190015,LA,24,24,60,0,27
190017,LA,36,33,55,0,31
190019,LA,17.5,23,24,0,16.125
190020,LA,20,26,73.33333333,0,29.83333333
190025,LA,30,81,,0,37
190026,LA,34,24,22,0,20
190027,LA,56,30,60,10,39
190034,LA,25,69,,0,31.33333333
190036,LA,56,32,48,10,36.5
190039,LA,40,21,8,0,17.25
190040,LA,62,19,22.5,30,33.375
190041,LA,22,29,24,10,21.25
190044,LA,27.5,55,43.33333333,0,31.45833333
190045,LA,52,58,58,0,42
190046,LA,52,28,30,0,27.5
190050,LA,26.66666667,63,100,0,47.41666667
190053,LA,32.5,56,,20,36.16666667
190054,LA,48,26,15,10,24.75
190060,LA,62,27,30,0,29.75
190064,LA,38,40,30,0,27
190065,LA,20,45,70,0,33.75
190081,LA,50,34,,0,28
190086,LA,48,26,76.66666667,0,37.66666667
190098,LA,17.5,12,12,0,10.375
190099,LA,10,48,,10,22.66666667
190102,LA,34,45,22,0,25.25
190111,LA,54,37,6,0,24.25
190114,LA,0,60,,0,20
190116,LA,23.33333333,29,,10,20.77777778
190125,LA,40,49,32,0,30.25
190128,LA,,58,55,80,64.33333333
190140,LA,23.33333333,60,,0,27.77777778
190144,LA,30,52,5,10,24.25
190146,LA,58,24,32,10,31
190160,LA,58,12,18,0,22
190167,LA,66,89,50,10,53.75
190176,LA,62,35,48,0,36.25
190183,LA,17.5,59,75,70,55.375
190184,LA,46.66666667,100,,0,48.88888889
190190,LA,50,94,,40,61.33333333
190201,LA,45,29,50,50,43.5
190202,LA,44,16,90,10,40
190204,LA,56,34,54,40,46
190274,LA,26,29,26,0,20.25
190308,LA,20,47,,0,22.33333333
190312,LA,23.33333333,81,,0,34.77777778
200001,ME,40,54,20,40,38.5
200008,ME,26,74,30,0,32.5
200009,ME,40,34,24,0,24.5
200018,ME,40,36,,40,38.66666667
200019,ME,20,18,58,20,29
200020,ME,48,75,2.5,20,36.375
200021,ME,40,33,77.5,50,50.125
200024,ME,60,19,32,20,32.75
200031,ME,62,70,,70,67.33333333
200037,ME,16.66666667,45,,20,27.22222222
200039,ME,48,43,6,10,26.75
200041,ME,25,55,,0,26.66666667
200050,ME,50,21,,30,33.66666667
200052,ME,0,91,,60,50.33333333
200063,ME,28,41,,50,39.66666667
220001,MA,48,20,50,0,29.5
220002,MA,76,32,30,20,39.5
220008,MA,34,30,67.5,10,35.375
220010,MA,58,16,50,10,33.5
220011,MA,44,23,64,10,35.25
220012,MA,38,27,6,10,20.25
220015,MA,48,50,62.5,10,42.625
220016,MA,60,24,45,40,42.25
220017,MA,46,32,47.5,10,33.875
220019,MA,32,25,,30,29
220020,MA,54,66,52,10,45.5
220024,MA,38,30,62,30,40
220029,MA,48,35,5,10,24.5
220030,MA,86,39,,20,48.33333333
220031,MA,70,14,4,0,22
220033,MA,54,20,28,0,25.5
220035,MA,94,27,26,40,46.75
220036,MA,48,24,28,0,25
220046,MA,26,24,42,20,28
220049,MA,50,23,75,0,37
220052,MA,68,22,52,20,40.5
220060,MA,88,27,48,20,45.75
220063,MA,50,20,44,10,31
220065,MA,54,36,,30,40
220066,MA,72,20,30,20,35.5
220070,MA,38,17,24,10,22.25
220071,MA,92,44,14,0,37.5
220073,MA,32,14,70,0,29
220074,MA,58,16,22,0,24
220077,MA,50,14,28,0,23
220080,MA,42,14,24,20,25
220083,MA,68,48,60,40,54
220084,MA,82,35,20,0,34.25
220086,MA,68,33,28,0,32.25
220090,MA,72,36,76,10,48.5
220095,MA,50,22,70,0,35.5
220098,MA,57.5,29,,40,42.16666667
220100,MA,72,29,32,20,38.25
220101,MA,76,41,30,60,51.75
220105,MA,100,44,36,10,47.5
220108,MA,98,18,40,30,46.5
220110,MA,86,46,14,0,36.5
220111,MA,64,14,38,0,29
220116,MA,58,41,24,0,30.75
220119,MA,70,43,23.33333333,30,41.58333333
220126,MA,44,19,44,20,31.75
220135,MA,50,26,15,20,27.75
220163,MA,52,20,32,0,26
220171,MA,88,26,28,0,35.5
220175,MA,40,17,10,0,16.75
220176,MA,40,20,34,0,23.5
230002,MI,36,34,18,30,29.5
230003,MI,55,58,,100,71
230005,MI,54,34,3.333333333,70,40.33333333
230015,MI,27.5,41,,60,42.83333333
230017,MI,54,51,10,40,38.75
230019,MI,72,17,42,20,37.75
230020,MI,64,18,28,0,27.5
230021,MI,52,23,16,30,30.25
230022,MI,37.5,11,50,40,34.625
230024,MI,56,11,44,0,27.75
230029,MI,52,23,30,10,28.75
230030,MI,46,49,,0,31.66666667
230031,MI,76,32,,70,59.33333333
230035,MI,60,49,,60,56.33333333
230036,MI,30,64,77.5,20,47.875
230037,MI,25,41,,60,42
230038,MI,48,32,18,20,29.5
230041,MI,72,11,54,10,36.75
230046,MI,80,39,16,20,38.75
230047,MI,56,12,32,0,25
230053,MI,72,22,20,0,28.5
230054,MI,26,38,40,0,26
230055,MI,54,35,10,40,34.75
230058,MI,30,56,,50,45.33333333
230059,MI,28,52,36,40,39
230066,MI,44,29,38,50,40.25
230069,MI,55,36,,60,50.33333333
230070,MI,28,25,64,0,29.25
230072,MI,66,57,27.5,90,60.125
230075,MI,36,22,18,30,26.5
230077,MI,40,19,8,0,16.75
230080,MI,62,43,100,30,58.75
230081,MI,66,64,0,80,52.5
230089,MI,90,46,26,40,50.5
230092,MI,38,29,26,40,33.25
230093,MI,10,43,,60,37.66666667
230095,MI,66,53,,20,46.33333333
230097,MI,70,47,28,50,48.75
230099,MI,44,11,44,20,29.75
230100,MI,27.5,49,,70,48.83333333
230104,MI,80,17,34,0,32.75
230105,MI,50,34,74,30,47
230108,MI,37.5,77,,10,41.5
230110,MI,47.5,31,,100,59.5
230117,MI,42,18,32,40,33
230118,MI,44,24,,80,49.33333333
230121,MI,47.5,53,90,40,57.625
230130,MI,86,14,18,0,29.5
230132,MI,52,15,46,20,33.25
230133,MI,55,50,50,60,53.75
230141,MI,50,13,54,10,31.75
230142,MI,52,14,22,30,29.5
230146,MI,30,12,44,20,26.5
230151,MI,82,17,26,10,33.75
230156,MI,76,35,22,30,40.75
230165,MI,78,16,32,0,31.5
230167,MI,54,27,24,30,33.75
230174,MI,66.66666667,53,,40,53.22222222
230176,MI,64,35,24,0,30.75
230180,MI,27.5,56,,60,47.83333333
230193,MI,34,18,82.5,10,36.125
230195,MI,54,13,18,0,21.25
230197,MI,60,22,16,10,27
230207,MI,34,27,15,0,19
230208,MI,25,72,,20,39
230216,MI,46,23,28,30,31.75
230217,MI,38,64,20,90,53
230222,MI,38,39,40,20,34.25
230227,MI,36,13,56,20,31.25
230230,MI,68,16,28,10,30.5
230236,MI,26,39,42,50,39.25
230239,MI,28,53,,90,57
230241,MI,13.33333333,29,,70,37.44444444
230244,MI,68,22,0,10,25
230254,MI,38,18,48,20,31
230259,MI,45,95,,90,76.66666667
230269,MI,76,24,18,0,29.5
230270,MI,44,28,20,10,25.5
230273,MI,47.5,12,14,0,18.375
230277,MI,46,27,24,0,24.25
230297,MI,35,67,26.66666667,10,34.66666667
230302,MI,48,25,26,30,32.25
230303,MI,52,33,,100,61.66666667
240001,MN,46,26,40,30,35.5
240002,MN,48,27,32,0,26.75
240004,MN,40,20,40,20,30
240006,MN,35,79,,80,64.66666667
240010,MN,88,90,32,20,57.5
240014,MN,43.33333333,75,,100,72.77777778
240018,MN,40,85,,60,61.66666667
240019,MN,30,37,46.66666667,20,33.41666667
240020,MN,30,72,,90,64
240022,MN,10,52,,90,50.66666667
240030,MN,40,37,20,50,36.75
240036,MN,76,38,2,30,36.5
240038,MN,50,31,32,30,35.75
240040,MN,13.33333333,49,5,10,19.33333333
240043,MN,54,17,75,80,56.5
240044,MN,45,53,,60,52.66666667
240047,MN,44,26,24,10,26
240050,MN,42.5,32,,50,41.5
240052,MN,12.5,51,,60,41.16666667
240053,MN,42,37,50,50,44.75
240056,MN,56,57,10,40,40.75
240057,MN,54,40,16,30,35
240059,MN,53.33333333,81,,100,78.11111111
240063,MN,40,13,64,10,31.75
240064,MN,32.5,43,,70,48.5
240066,MN,35,85,86.66666667,60,66.66666667
240069,MN,27.5,57,,70,51.5
240071,MN,0,66,,90,52
240075,MN,38,48,17.5,100,50.875
240076,MN,50,56,,100,68.66666667
240078,MN,76,19,52,30,44.25
240080,MN,56,23,10,10,24.75
240084,MN,25,24,,100,49.66666667
240088,MN,30,25,30,80,41.25
240093,MN,58,22,44,30,38.5
240100,MN,38,20,54,50,40.5
240101,MN,52.5,63,,100,71.83333333
240104,MN,42.5,43,,50,45.16666667
240106,MN,32,22,54,10,29.5
240115,MN,66,28,40,60,48.5
240141,MN,25,58,,60,47.66666667
240166,MN,15,25,,100,46.66666667
240187,MN,36.66666667,69,,80,61.88888889
240207,MN,60,28,32,60,45
240210,MN,52.5,12,50,40,38.625
240213,MN,65,49,85,70,67.25
240214,MN,65,45,47.5,100,64.375
250001,MS,22,26,38,0,21.5
250004,MS,28,31,20,0,19.75
250006,MS,50,73,,20,47.66666667
250007,MS,44,14,30,0,22
250009,MS,22,70,30,10,33
250019,MS,32,22,20,0,18.5
250020,MS,36.66666667,40,,0,25.55555556
250025,MS,3.333333333,34,35,0,18.08333333
250031,MS,26,20,48,0,23.5
250034,MS,26,46,52,30,38.5
250036,MS,0,46,,30,25.33333333
250038,MS,26.66666667,91,,60,59.22222222
250040,MS,10,33,34,0,19.25
250042,MS,20,48,,10,26
250043,MS,3.333333333,40,,10,17.77777778
250044,MS,23.33333333,80,,70,57.77777778
250048,MS,32,31,30,0,23.25
250050,MS,27.5,25,75,10,34.375
250057,MS,12.5,88,35,0,33.875
250058,MS,36,35,28,30,32.25
250067,MS,30,20,,40,30
250069,MS,18,16,30,0,16
250072,MS,50,13,66,0,32.25
250077,MS,0,27,,30,19
250078,MS,14,26,8,0,12
250082,MS,30,29,87.5,10,39.125
250084,MS,46,35,90,0,42.75
250085,MS,13.33333333,47,,100,53.44444444
250093,MS,55,29,50,10,36
250094,MS,30,38,14,0,20.5
250095,MS,13.33333333,44,,10,22.44444444
250096,MS,13.33333333,23,,0,12.11111111
250097,MS,36,9,37.5,0,20.625
250099,MS,20,29,32,10,22.75
250100,MS,30,40,52,20,35.5
250102,MS,46,31,20,0,24.25
250104,MS,24,40,38,0,25.5
250117,MS,20,17,50,50,34.25
250123,MS,40,36,50,10,34
250138,MS,46,24,27.5,20,29.375
250141,MS,36,10,8,20,18.5
250162,MS,36.66666667,66,,10,37.55555556
250167,MS,25,61,,50,45.33333333
250168,MS,25,55,,0,26.66666667
260001,MO,36,26,34,0,24
260005,MO,48,18,20,0,21.5
260006,MO,46,22,28,20,29
260009,MO,28,19,36.66666667,70,38.41666667
260011,MO,36,33,16,30,28.75
260017,MO,14,25,58,0,24.25
260020,MO,84,28,20,0,33
260022,MO,44,20,50,40,38.5
260023,MO,48,42,10,10,27.5
260024,MO,0,22,,30,17.33333333
260025,MO,40,20,15,0,18.75
260032,MO,56,41,4,0,25.25
260040,MO,28,18,12,20,19.5
260047,MO,32,40,30,30,33
260048,MO,30,22,30,30,28
260050,MO,25,30,,10,21.66666667
260052,MO,36,23,37.5,40,34.125
260057,MO,12,10,100,0,30.5
260059,MO,35,18,,50,34.33333333
260061,MO,23.33333333,35,,20,26.11111111
260062,MO,48,29,15,20,28
260064,MO,26,22,,70,39.33333333
260068,MO,46,40,18,20,31
260070,MO,30,,100,0,43.33333333
260074,MO,48,43,25,50,41.5
260077,MO,72,15,18,20,31.25
260078,MO,28,31,36.66666667,50,36.41666667
260081,MO,42,30,58,30,40
260085,MO,88,22,75,0,46.25
260091,MO,52,27,12,0,22.75
260094,MO,46,32,40,40,39.5
260095,MO,40,21,18,0,19.75
260096,MO,24,34,34,0,23
260097,MO,55,41,,50,48.66666667
260102,MO,46.66666667,34,90,100,67.66666667
260104,MO,42,16,26,0,21
260105,MO,32.5,11,2,0,11.375
260108,MO,64,38,24,10,34
260110,MO,48,37,30,0,28.75
260113,MO,45,26,100,40,52.75
260119,MO,4,14,46,0,16
260137,MO,24,17,36,0,19.25
260138,MO,68,49,18,0,33.75
260142,MO,20,37,,60,39
260160,MO,0,41,,60,33.66666667
260162,MO,63.33333333,72,66.66666667,90,73
260163,MO,45,18,,40,34.33333333
260175,MO,37.5,49,,60,48.83333333
260176,MO,30,52,,40,40.66666667
260177,MO,8,23,62,0,23.25
260179,MO,64,44,12,30,37.5
260180,MO,42,27,32,0,25.25
260183,MO,40,32,46,20,34.5
260186,MO,16,16,87.5,60,44.875
260190,MO,56,44,40,30,42.5
260191,MO,50,30,65,10,38.75
260193,MO,78,38,13.33333333,50,44.83333333
260195,MO,38,26,70,70,51
260200,MO,70,22,48,0,35
260214,MO,25,26,,70,40.33333333
260216,MO,64,47,30,20,40.25
260219,MO,36,40,,20,32
270003,MT,50,29,50,90,54.75
270004,MT,52,24,54,20,37.5
270012,MT,36,17,70,0,30.75
270014,MT,52,61,60,70,60.75
270017,MT,32,30,,40,34
270023,MT,24,38,70,40,43
270032,MT,5,35,,100,46.66666667
270049,MT,38,47,46,30,40.25
270051,MT,46,36,26,10,29.5
270057,MT,58,40,42.5,50,47.625
270086,MT,55,52,,90,65.66666667
270087,MT,80,21,,50,50.33333333
280003,NE,52,44,42,0,34.5
280009,NE,68,25,52,0,36.25
280013,NE,60,28,10,0,24.5
280020,NE,32,16,36,10,23.5
280023,NE,40,21,10,10,20.25
280032,NE,52,34,70,0,39
280040,NE,54,53,32,0,34.75
280060,NE,60,11,30,0,25.25
280061,NE,50,10,56,0,29
280065,NE,54,28,100,0,45.5
280077,NE,48,28,,0,25.33333333
280081,NE,64,21,67.5,0,38.125
280105,NE,35,74,,100,69.66666667
280111,NE,27.5,68,,0,31.83333333
280125,NE,44,34,40,0,29.5
280128,NE,55,38,,20,37.66666667
280130,NE,62,28,42,10,35.5
280132,NE,52,53,66.66666667,50,55.41666667
280134,NE,34,29,,0,21
290001,NV,46,30,40,10,31.5
290003,NV,50,11,36,0,24.25
290005,NV,72.5,17,30,0,29.875
290007,NV,48,27,0,0,18.75
290008,NV,8,15,,20,14.33333333
290009,NV,72,24,42,60,49.5
290019,NV,44,30,12,20,26.5
290021,NV,54,19,22,0,23.75
290022,NV,56,14,42,10,30.5
290032,NV,52,27,,30,36.33333333
290039,NV,66,15,72,10,40.75
290041,NV,64,15,30,0,27.25
290045,NV,28,16,4,10,14.5
290046,NV,22,18,28,0,17
290047,NV,60,17,20,0,24.25
290049,NV,45,20,,80,48.33333333
290053,NV,60,25,10,0,23.75
290054,NV,36,17,28,0,20.25
290056,NV,,43,6.666666667,0,16.55555556
290057,NV,30,21,50,0,25.25
300001,NH,32,53,42,0,31.75
300003,NH,32,30,26,0,22
300005,NH,42,24,72.5,0,34.625
300011,NH,48,19,4,0,17.75
300012,NH,28,33,48,10,29.75
300014,NH,48,66,0,10,31
300017,NH,62,33,35,30,40
300018,NH,58,57,56,10,45.25
300019,NH,44,17,24,30,28.75
300020,NH,66,29,34,10,34.75
300023,NH,54,43,57.5,20,43.625
300029,NH,54,28,28,0,27.5
300034,NH,80,35,16,0,32.75
310001,NJ,74,13,8,0,23.75
310002,NJ,54,15,40,0,27.25
310003,NJ,60,17,68,0,36.25
310005,NJ,70,43,54,10,44.25
310006,NJ,50,16,62.5,10,34.625
310008,NJ,60,33,16,0,27.25
310009,NJ,66,12,24,0,25.5
310010,NJ,34,26,34,20,28.5
310011,NJ,44,21,32.5,0,24.375
310012,NJ,28,33,28,20,27.25
310014,NJ,56,19,12,0,21.75
310015,NJ,68,30,36,0,33.5
310016,NJ,52.5,21,45,0,29.625
310017,NJ,48,30,58,0,34
310019,NJ,40,14,6,0,15
310021,NJ,32.5,12,32.5,0,19.25
310022,NJ,46,37,36,0,29.75
310024,NJ,26,16,40,10,23
310025,NJ,72.5,15,58,0,36.375
310027,NJ,12,10,24,0,11.5
310028,NJ,52,24,70,0,36.5
310029,NJ,37.5,17,44,0,24.625
310031,NJ,50,39,36.66666667,0,31.41666667
310032,NJ,30,27,44,10,27.75
310034,NJ,42,18,14,0,18.5
310038,NJ,46,12,36,0,23.5
310039,NJ,60,12,34,0,26.5
310040,NJ,34,17,82.5,0,33.375
310041,NJ,22,15,22,0,14.75
310044,NJ,38,16,28,0,20.5
310045,NJ,52,28,56,0,34
310047,NJ,32,28,28,0,22
310048,NJ,22,19,26,0,16.75
310050,NJ,72,25,50,0,36.75
310051,NJ,42,23,22,10,24.25
310052,NJ,30,15,42,0,21.75
310054,NJ,62,13,24,0,24.75
310057,NJ,36,11,38,0,21.25
310058,NJ,15,,100,20,45
310060,NJ,76,37,53.33333333,50,54.08333333
310061,NJ,52,16,50,0,29.5
310064,NJ,60,17,22,0,24.75
310069,NJ,50,45,,0,31.66666667
310070,NJ,68,28,28,10,33.5
310073,NJ,46,14,20,0,20
310074,NJ,48,16,24,0,22
310075,NJ,36,29,64,0,32.25
310076,NJ,56,28,44,0,32
310081,NJ,40,24,28,10,25.5
310084,NJ,62.5,27,55,0,36.125
310086,NJ,34,27,20,0,20.25
310091,NJ,20,17,,10,15.66666667
310092,NJ,22.5,13,72,0,26.875
310096,NJ,75,12,42,30,39.75
310108,NJ,36,10,30,0,19
310110,NJ,64,15,52,10,35.25
310111,NJ,32,14,32,0,19.5
310112,NJ,28,13,48,10,24.75
310113,NJ,58,13,32,0,25.75
310115,NJ,52,14,,10,25.33333333
310118,NJ,47.5,18,,0,21.83333333
310119,NJ,45,6,26,0,19.25
310130,NJ,26,22,63.33333333,0,27.83333333
320001,NM,20,31,24,0,18.75
320002,NM,34,20,24,50,32
320003,NM,13.33333333,25,,100,46.11111111
320004,NM,24,34,66.66666667,20,36.16666667
320005,NM,46,17,62,30,38.75
320006,NM,36,10,53.33333333,50,37.33333333
320009,NM,44,16,66,0,31.5
320011,NM,50,46,,60,52
320016,NM,25,40,90,0,38.75
320017,NM,15,13,24,20,18
320018,NM,26,14,50,0,22.5
320021,NM,44,21,10,20,23.75
320022,NM,42.5,32,0,20,23.625
320030,NM,52.5,58,,50,53.5
320033,NM,13.33333333,52,,100,55.11111111
320038,NM,33.33333333,12,,100,48.44444444
320061,NM,80,45,,100,75
320063,NM,7.5,15,,60,27.5
320065,NM,32.5,11,,0,14.5
320074,NM,22.5,19,,10,17.16666667
320085,NM,34,18,26,0,19.5
320086,NM,20,39,,0,19.66666667
320089,NM,22.5,53,52.5,30,39.5
330004,NY,45,8,36,0,22.25
330005,NY,42,18,10,20,22.5
330006,NY,27.5,9,40,0,19.125
330008,NY,0,44,,70,38
330009,NY,52.5,12,22,30,29.125
330011,NY,32,21,18,60,32.75
330013,NY,26,13,18,0,14.25
330014,NY,27.5,7,40,0,18.625
330019,NY,80,8,20,0,27
330023,NY,58,11,40,10,29.75
330024,NY,68,15,26,10,29.75
330027,NY,32.5,9,37.5,10,22.25
330028,NY,20,10,18,0,12
330030,NY,60,15,76.66666667,80,57.91666667
330033,NY,22.5,38,,30,30.16666667
330043,NY,58,17,40,0,28.75
330044,NY,26,13,36,0,18.75
330045,NY,86,27,64,0,44.25
330046,NY,76,15,32,0,30.75
330047,NY,52,37,2.5,20,27.875
330049,NY,68,52,90,10,55
330055,NY,72,18,56,0,36.5
330056,NY,52,8,64,0,31
330057,NY,62,15,28,30,33.75
330058,NY,30,28,7.5,40,26.375
330065,NY,22.5,22,57.5,50,38
330073,NY,48,15,15,10,22
330074,NY,66,17,60,60,50.75
330078,NY,50,18,54,20,35.5
330079,NY,22.5,71,0,30,30.875
330080,NY,23.33333333,7,36,50,29.08333333
330084,NY,32,21,,100,51
330085,NY,32,40,50,30,38
330086,NY,26.66666667,13,,0,13.22222222
330090,NY,44,19,40,0,25.75
330094,NY,40,15,37.5,0,23.125
330096,NY,27.5,26,,50,34.5
330101,NY,86,20,10,0,29
330102,NY,42,29,46,0,29.25
330103,NY,30,7,6,30,18.25
330104,NY,62,13,88,10,43.25
330106,NY,80,16,24,0,30
330107,NY,66,32,64,0,40.5
330111,NY,6.666666667,29,,0,11.88888889
330115,NY,16.66666667,68,50,80,53.66666667
330119,NY,78,11,28,0,29.25
330125,NY,66,11,26,30,33.25
330126,NY,80,18,16,0,28.5
330127,NY,30,6,14,0,12.5
330128,NY,35,12,30,0,19.25
330135,NY,37.5,40,,10,29.16666667
330136,NY,36,16,14,0,16.5
330140,NY,46,21,50,20,34.25
330141,NY,46,7,54,0,26.75
330151,NY,20,18,,80,39.33333333
330153,NY,36,14,26,20,24
330157,NY,48,16,46,40,37.5
330158,NY,42,12,52,0,26.5
330160,NY,54,15,16,0,21.25
330162,NY,44,41,48,40,43.25
330163,NY,7.5,9,33.33333333,10,14.95833333
330164,NY,64,21,12,60,39.25
330169,NY,56,18,62,0,34
330175,NY,76.66666667,28,80,70,63.66666667
330180,NY,14,37,36,50,34.25
330181,NY,50,32,50,10,35.5
330182,NY,96,62,40,0,49.5
330184,NY,56,12,10,0,19.5
330185,NY,60,35,26,0,30.25
330188,NY,46,19,73.33333333,10,37.08333333
330191,NY,26,38,48,20,33
330193,NY,20,12,54,0,21.5
330194,NY,80,10,14,0,26
330195,NY,72,12,34,0,29.5
330196,NY,62.5,30,24,0,29.125
330197,NY,64,21,25,90,50
330198,NY,56,12,32,0,25
330199,NY,,17,42.5,0,19.83333333
330201,NY,60,15,65,0,35
330203,NY,26,14,28,20,22
330204,NY,27.5,13,10,20,17.625
330205,NY,50,65,,0,38.33333333
330208,NY,62,16,70,0,37
330211,NY,24,21,33.33333333,30,27.08333333
330214,NY,94,24,36,10,41
330215,NY,47.5,27,,20,31.5
330218,NY,28,18,80,10,34
330219,NY,42.5,26,36,0,26.125
330221,NY,40,9,30,20,24.75
330222,NY,60,58,30,70,54.5
330223,NY,34,18,,100,50.66666667
330226,NY,30,21,22,50,30.75
330229,NY,22.5,17,,30,23.16666667
330231,NY,22.5,12,28,50,28.125
330233,NY,20,6,44,10,20
330234,NY,36,9,8,0,13.25
330235,NY,56,17,40,60,43.25
330236,NY,86,21,26,0,33.25
330238,NY,55,16,,80,50.33333333
330239,NY,34,30,28,10,25.5
330240,NY,6.666666667,11,35,0,13.16666667
330241,NY,36,28,24,0,22
330245,NY,32,14,12,0,14.5
330246,NY,64,20,50,0,33.5
330250,NY,62,16,26,10,28.5
330259,NY,40,16,72,10,34.5
330261,NY,56,34,48,0,34.5
330264,NY,22,20,82,0,31
330265,NY,40,35,,80,51.66666667
330267,NY,32,31,40,0,25.75
330270,NY,,77,57.5,50,61.5
330273,NY,48,32,52.5,0,33.125
330276,NY,42.5,20,,60,40.83333333
330277,NY,42,26,25,70,40.75
330279,NY,38,22,42,0,25.5
330285,NY,47.5,17,12,40,29.125
330286,NY,24,16,24,0,16
330304,NY,48,46,42,10,36.5
330307,NY,42,33,30,30,33.75
330331,NY,60,14,30,0,26
330332,NY,26,28,57.5,0,27.875
330350,NY,7.5,7,46,0,15.125
330385,NY,,8,20,80,36
330386,NY,37.5,28,10,30,26.375
330393,NY,88,16,12,0,29
330394,NY,30,25,28,30,28.25
330395,NY,12.5,11,45,0,17.125
330396,NY,30,24,20,10,21
330397,NY,50,13,77.5,0,35.125
330399,NY,12.5,7,46,0,16.375
330401,NY,88,19,46,10,40.75
340001,NC,46,20,20,10,24
340002,NC,44,14,20,0,19.5
340003,NC,38,35,20,60,38.25
340004,NC,42,14,16,10,20.5
340008,NC,48,31,95,50,56
340010,NC,38,25,26,40,32.25
340013,NC,22,11,7.5,20,15.125
340014,NC,28,32,32,10,25.5
340015,NC,24,28,60,20,33
340016,NC,40,28,66.66666667,0,33.66666667
340017,NC,34,37,26,30,31.75
340020,NC,30,14,40,30,28.5
340021,NC,38,30,22,30,30
340023,NC,52,70,30,50,50.5
340024,NC,47.5,20,15,60,35.625
340027,NC,15,51,48,40,38.5
340028,NC,22,17,20,10,17.25
340030,NC,12,49,10,20,22.75
340032,NC,38,13,74,30,38.75
340039,NC,34,24,36,50,36
340040,NC,30,15,18,20,20.75
340041,NC,62,31,40,10,35.75
340042,NC,6,13,0,30,12.25
340047,NC,20,21,28,10,19.75
340050,NC,54,28,34,60,44
340051,NC,54,41,,30,41.66666667
340053,NC,48,39,34,0,30.25
340060,NC,6.666666667,25,100,60,47.91666667
340061,NC,40,56,24,10,32.5
340064,NC,42.5,19,63.33333333,10,33.70833333
340068,NC,35,14,50,20,29.75
340069,NC,22,32,20,0,18.5
340070,NC,44,36,40,60,45
340071,NC,40,20,6.666666667,50,29.16666667
340073,NC,40,41,38,20,34.75
340075,NC,48,34,34,50,41.5
340085,NC,60,31,65,30,46.5
340087,NC,36.66666667,51,20,50,39.41666667
340090,NC,50,43,46,10,37.25
340091,NC,46,31,18,40,33.75
340096,NC,35,44,3.333333333,30,28.08333333
340098,NC,12,16,12,10,12.5
340099,NC,68,35,70,30,50.75
340107,NC,50,34,50,20,38.5
340109,NC,28,20,50,30,32
340113,NC,38,33,24,10,26.25
340114,NC,72,51,14,50,46.75
340115,NC,52,66,22,70,52.5
340116,NC,28,18,38,40,31
340119,NC,36,30,85,20,42.75
340120,NC,72.5,62,,20,51.5
340123,NC,14,21,13.33333333,40,22.08333333
340126,NC,22,11,25,20,19.5
340127,NC,40,17,,80,45.66666667
340129,NC,54,22,6.666666667,40,30.66666667
340130,NC,38,44,52,20,38.5
340131,NC,44,52,70,50,54
340132,NC,50,10,82.5,30,43.125
340133,NC,25,9,,0,11.33333333
340141,NC,38,33,10,20,25.25
340142,NC,22,59,65,40,46.5
340143,NC,32,48,54,40,43.5
340144,NC,30,28,,20,26
340145,NC,44,44,96,40,56
340147,NC,34,34,30,20,29.5
340151,NC,46,45,47.5,50,47.125
340155,NC,26,34,26,30,29
340158,NC,38,35,55,50,44.5
340159,NC,33.33333333,42,,20,31.77777778
340166,NC,32.5,38,46,40,39.125
340171,NC,66,28,58,20,43
340173,NC,42,19,42,20,30.75
340183,NC,46,23,68,30,41.75
340184,NC,36,26,76,20,39.5
340186,NC,47.5,48,95,50,60.125
340187,NC,80,100,,90,90
340188,NC,52.5,80,,50,60.83333333
350002,ND,66,17,46,60,47.25
350006,ND,50,7,44,30,32.75
350011,ND,30,27,30,10,24.25
350015,ND,52,17,44,70,45.75
350019,ND,56,17,34,10,29.25
350070,ND,62,37,46,40,46.25
360001,OH,58,33,26,0,29.25
360002,OH,32.5,65,,50,49.16666667
360003,OH,58,20,22,0,25
360006,OH,54,26,22,10,28
360008,OH,54,55,58,0,41.75
360009,OH,22,32,40,0,23.5
360010,OH,27.5,33,63.33333333,0,30.95833333
360011,OH,56,21,44,20,35.25
360012,OH,44,18,64,0,31.5
360013,OH,42.5,23,,0,21.83333333
360014,OH,52.5,37,,30,39.83333333
360016,OH,46,48,34,10,34.5
360017,OH,44,17,34,20,28.75
360020,OH,40,20,18,0,19.5
360025,OH,34,27,38,0,24.75
360026,OH,27.5,55,,30,37.5
360027,OH,88,18,26,0,33
360029,OH,30,40,25,10,26.25
360032,OH,32,51,,40,41
360035,OH,50,15,12,10,21.75
360036,OH,56,41,50,20,41.75
360037,OH,52.5,42,35,0,32.375
360039,OH,56,26,30,40,38
360040,OH,60,18,70,0,37
360041,OH,56,41,26,0,30.75
360044,OH,48,27,,0,25
360046,OH,50,56,,30,45.33333333
360048,OH,44,22,48,20,33.5
360051,OH,64,14,32,0,27.5
360054,OH,24,22,47.5,0,23.375
360055,OH,40,12,20,0,18
360056,OH,60,35,50,0,36.25
360058,OH,37.5,45,,20,34.16666667
360059,OH,70,27,44,0,35.25
360064,OH,36,12,30,0,19.5
360065,OH,54,29,15,40,34.5
360066,OH,68,40,58,0,41.5
360068,OH,54,18,30,0,25.5
360070,OH,40,19,52,10,30.25
360071,OH,40,31,,0,23.66666667
360072,OH,28,42,38,10,29.5
360075,OH,56,45,47.5,20,42.125
360076,OH,42,40,60,0,35.5
360077,OH,94,37,50,0,45.25
360078,OH,56,42,36.66666667,50,46.16666667
360079,OH,54,38,32,0,31
360081,OH,60,30,55,0,36.25
360082,OH,60,47,37.5,0,36.125
360084,OH,24,20,30,0,18.5
360085,OH,84,32,6,0,30.5
360086,OH,57.5,10,28,0,23.875
360087,OH,57.5,68,55,40,55.125
360089,OH,75,65,,60,66.66666667
360090,OH,20,17,46,0,20.75
360091,OH,77.5,40,7.5,10,33.75
360092,OH,37.5,60,,70,55.83333333
360095,OH,42,45,50,0,34.25
360096,OH,85,29,83.33333333,80,69.33333333
360098,OH,42,27,88,0,39.25
360107,OH,57.5,55,,10,40.83333333
360109,OH,50,43,,70,54.33333333
360112,OH,38,21,46,0,26.25
360118,OH,58,19,28,0,26.25
360121,OH,42,63,,10,38.33333333
360123,OH,38,52,42,0,33
360125,OH,46,56,55,0,39.25
360131,OH,30,33,,0,21
360132,OH,30,37,35,0,25.5
360133,OH,62,19,28,0,27.25
360134,OH,34,40,36,0,27.5
360137,OH,70,26,16,0,28
360143,OH,98,37,32,0,41.75
360144,OH,72,16,16,0,26
360145,OH,60,25,34,10,32.25
360147,OH,15,42,14,0,17.75
360148,OH,42.5,54,,40,45.5
360150,OH,35,70,96.66666667,30,57.91666667
360152,OH,42,19,10,50,30.25
360155,OH,74,39,16,10,34.75
360156,OH,37.5,56,,10,34.5
360159,OH,74,20,42,0,34
360161,OH,38,12,64,0,28.5
360163,OH,76,52,20,10,39.5
360170,OH,7.5,24,,0,10.5
360172,OH,44,28,48,0,30
360174,OH,28,36,44,10,29.5
360175,OH,30,18,,0,16
360179,OH,36,17,52,0,26.25
360180,OH,80,50,26,20,44
360185,OH,30,45,42.5,,39.16666667
360189,OH,6.666666667,60,,100,55.55555556
360192,OH,32,55,40,20,36.75
360197,OH,32.5,54,,0,28.83333333
360203,OH,32,33,20,0,21.25
360210,OH,22.5,35,60,70,46.875
360211,OH,40,15,40,30,31.25
360218,OH,52,27,40,30,37.25
360230,OH,90,21,22,0,33.25
360234,OH,50,34,20,0,26
360236,OH,70,24,30,0,31
360239,OH,76,27,22,0,31.25
360259,OH,42.5,45,,10,32.5
360262,OH,56,45,35,10,36.5
360270,OH,55,51,,10,38.66666667
360276,OH,68,17,38,0,30.75
360348,OH,45,44,42.5,50,45.375
360354,OH,56,29,10,0,23.75
360359,OH,84,35,42,30,47.75
360360,OH,30,34,24,0,22
360364,OH,76,67,30,20,48.25
360365,OH,30,86,,0,38.66666667
370001,OK,48,17,54,10,32.25
370002,OK,22.5,49,,30,33.83333333
370004,OK,36,67,,30,44.33333333
370006,OK,28,16,80,10,33.5
370008,OK,26,31,36,20,28.25
370013,OK,25,31,40,0,24
370014,OK,32,14,35,10,22.75
370015,OK,37.5,50,,60,49.16666667
370016,OK,32,38,50,0,30
370018,OK,34,35,50,20,34.75
370019,OK,22.5,32,50,30,33.625
370020,OK,64,40,42.5,10,39.125
370022,OK,35,49,,10,31.33333333
370023,OK,34,60,7.5,20,30.375
370025,OK,26,22,40,0,22
370026,OK,48,63,44,0,38.75
370028,OK,30,21,10,0,15.25
370029,OK,23.33333333,64,,30,39.11111111
370034,OK,46,20,0,10,19
370037,OK,36,17,38,20,27.75
370039,OK,38,30,85,0,38.25
370041,OK,60,65,,50,58.33333333
370047,OK,72,32,42,0,36.5
370049,OK,40,57,23.33333333,0,30.08333333
370054,OK,26.66666667,34,,0,20.22222222
370056,OK,26,13,16,0,13.75
370078,OK,42.5,17,45,0,26.125
370089,OK,28,12,60,20,30
370091,OK,44,37,34,0,28.75
370093,OK,46,13,26,0,21.25
370094,OK,16,8,42.5,0,16.625
370097,OK,52.5,30,92.5,0,43.75
370099,OK,23.33333333,62,,40,41.77777778
370106,OK,30,24,62,0,29
370113,OK,44,62,,0,35.33333333
370114,OK,37.5,19,26,0,20.625
370149,OK,16,64,36.66666667,20,34.16666667
370166,OK,40,16,,70,42
370171,OK,50,45,,80,58.33333333
370172,OK,40,89,,30,53
370173,OK,5,72,,100,59
370178,OK,63.33333333,62,,100,75.11111111
370180,OK,45,88,,100,77.66666667
370190,OK,,96,100,20,72
370202,OK,82,14,58,20,43.5
370210,OK,,78,60,30,56
370211,OK,40,33,40,0,28.25
370215,OK,20,99,55,10,46
370218,OK,58,31,50,30,42.25
370227,OK,57.5,49,,80,62.16666667
370228,OK,26.66666667,80,,10,38.88888889
370234,OK,37.5,97,40,20,48.625
370235,OK,55,73,,50,59.33333333
370236,OK,18,53,,20,30.33333333
370237,OK,16.66666667,64,,50,43.55555556
380001,OR,30,36,,100,55.33333333
380002,OR,64,45,44,50,50.75
380004,OR,56,41,26,50,43.25
380005,OR,47.5,62,,60,56.5
380007,OR,58,29,28,10,31.25
380009,OR,48,53,20,10,32.75
380014,OR,36,25,8,40,27.25
380017,OR,70,51,22,30,43.25
380018,OR,74,30,50,30,46
380020,OR,28,33,72,80,53.25
380021,OR,40,16,63.33333333,60,44.83333333
380022,OR,35,72,86.66666667,80,68.41666667
380025,OR,36,22,37.5,60,38.875
380027,OR,38,18,84,100,60
380029,OR,43.33333333,52,,90,61.77777778
380033,OR,65,25,,100,63.33333333
380037,OR,70,39,40,80,57.25
380038,OR,44,30,20,60,38.5
380040,OR,37.5,45,10,80,43.125
380047,OR,46,44,28,50,42
380050,OR,20,37,65,100,55.5
380051,OR,48,34,16,40,34.5
380052,OR,27.5,57,,70,51.5
380056,OR,10,30,,60,33.33333333
380060,OR,52,29,48,70,49.75
380061,OR,52,42,50,40,46
380071,OR,18,62,,100,60
380075,OR,18,35,62,70,46.25
380082,OR,48,44,30,40,40.5
380089,OR,34,45,44,70,48.25
380090,OR,26,38,50,90,51
380091,OR,60,37,60,100,64.25
380102,OR,42,17,30,60,37.25
380103,OR,,52,32.5,100,61.5
390001,PA,44,21,16,30,27.75
390002,PA,80,23,40,40,45.75
390003,PA,12.5,60,,30,34.16666667
390004,PA,68,24,80,0,43
390006,PA,40,30,30,20,30
390009,PA,46,17,22,0,21.25
390012,PA,62,30,56,30,44.5
390013,PA,48,56,16.66666667,50,42.66666667
390016,PA,42,26,40,10,29.5
390026,PA,60,18,30,0,27
390027,PA,52,19,30,0,25.25
390028,PA,64,18,22,20,31
390030,PA,35,10,27.5,0,18.125
390032,PA,70,24,33.33333333,30,39.33333333
390035,PA,35,17,,50,34
390036,PA,36,27,16,0,19.75
390037,PA,30,57,0,0,21.75
390039,PA,12,26,90,50,44.5
390041,PA,22,28,34,0,21
390042,PA,62,52,18,10,35.5
390044,PA,80,19,16,0,28.75
390045,PA,38,25,28,0,22.75
390046,PA,74,23,40,0,34.25
390048,PA,54,30,70,0,38.5
390049,PA,62,38,48,20,42
390050,PA,30,29,14,0,18.25
390052,PA,10,39,,50,33
390056,PA,34,19,,30,27.66666667
390057,PA,60,44,35,30,42.25
390058,PA,44,19,8,10,20.25
390062,PA,37.5,62,,0,33.16666667
390063,PA,36,31,38,0,26.25
390065,PA,30,39,52.5,0,30.375
390066,PA,66,34,35,0,33.75
390067,PA,66,29,46,10,37.75
390068,PA,40,31,25,20,29
390070,PA,47.5,9,,10,22.16666667
390071,PA,42.5,35,,100,59.16666667
390072,PA,36,57,,0,31
390073,PA,52,23,50,0,31.25
390076,PA,56,20,0,0,19
390079,PA,40,19,8,40,26.75
390081,PA,54,20,10,10,23.5
390084,PA,16.66666667,55,,0,23.88888889
390086,PA,16,17,54,10,24.25
390090,PA,54,37,20,0,27.75
390091,PA,70,33,66.66666667,40,52.41666667
390093,PA,15,31,,0,15.33333333
390096,PA,58,16,54,0,32
390097,PA,56,19,40,10,31.25
390100,PA,68,45,30,10,38.25
390101,PA,45,24,17.5,0,21.625
390102,PA,64,37,36,20,39.25
390107,PA,70,35,22,10,34.25
390110,PA,54,16,42,0,28
390111,PA,62.5,58,24,0,36.125
390112,PA,42.5,57,,10,36.5
390113,PA,52,43,58,10,40.75
390114,PA,27.5,47,22,10,26.625
390115,PA,54,25,20,0,24.75
390116,PA,56.66666667,16,50,30,38.16666667
390117,PA,16.66666667,59,,60,45.22222222
390119,PA,24,26,20,0,17.5
390123,PA,42,13,33.33333333,0,22.08333333
390125,PA,40,36,0,0,19
390127,PA,40,17,8,0,16.25
390133,PA,50,21,24,10,26.25
390137,PA,30,19,44,10,25.75
390138,PA,35,57,,100,64
390139,PA,48,57,28,20,38.25
390142,PA,44,17,6,20,21.75
390145,PA,72,31,32,20,38.75
390146,PA,17.5,26,,30,24.5
390147,PA,40,65,32,0,34.25
390150,PA,23.33333333,41,,30,31.44444444
390151,PA,46,42,48,60,49
390153,PA,72,45,56,0,43.25
390156,PA,38,29,26,0,23.25
390157,PA,50,24,,20,31.33333333
390160,PA,30,29,5,0,16
390162,PA,66,21,45,0,33
390163,PA,58,13,100,20,47.75
390164,PA,42,40,8,10,25
390168,PA,30,32,30,30,30.5
390173,PA,34,21,28,0,20.75
390174,PA,90,29,32,0,37.75
390178,PA,45,35,10,40,32.5
390179,PA,80,60,20,20,45
390180,PA,30,20,32,10,23
390183,PA,60,42,,60,54
390184,PA,30,17,,30,25.66666667
390185,PA,48,13,85,0,36.5
390194,PA,40,30,40,10,30
390195,PA,72,39,34,10,38.75
390197,PA,43.33333333,17,95,20,43.83333333
390198,PA,30,12,90,0,33
390199,PA,27.5,48,,60,45.16666667
390201,PA,48,22,62,0,33
390203,PA,42,43,20,30,33.75
390204,PA,18,25,28,10,20.25
390211,PA,32,21,80,10,35.75
390217,PA,62.5,53,,20,45.16666667
390219,PA,40,29,8,40,29.25
390220,PA,45,26,,0,23.66666667
390222,PA,52,34,28,20,33.5
390223,PA,70,59,28,0,39.25
390225,PA,58,23,67.5,40,47.125
390226,PA,48,28,22,0,24.5
390228,PA,42,47,26,20,33.75
390231,PA,50,20,38,30,34.5
390233,PA,12,22,48,20,25.5
390237,PA,32,15,34,0,20.25
390256,PA,50,32,18,0,25
390258,PA,52,28,38,0,29.5
390265,PA,36,19,38,0,23.25
390266,PA,25,66,,20,37
390267,PA,54,22,40,10,31.5
390268,PA,70,41,54,20,46.25
390270,PA,86,18,12,40,39
390304,PA,67.5,17,,10,31.5
390326,PA,58,48,15,50,42.75
390328,PA,60,22,28,30,35
390329,PA,40,23,42,10,28.75
390330,PA,57.5,49,35,30,42.875
410004,RI,54,20,42,0,29
410005,RI,38,39,2.5,0,19.875
410006,RI,52,51,53.33333333,0,39.08333333
410007,RI,48,24,28,0,25
410008,RI,62,79,20,40,50.25
410009,RI,50,23,46,0,29.75
410010,RI,,24,42.5,0,22.16666667
410011,RI,45,33,50,20,37
410012,RI,82,46,12,10,37.5
410013,RI,44,48,0,30,30.5
420002,SC,26,15,60,0,25.25
420004,SC,48,36,10,0,23.5
420005,SC,40,47,,80,55.66666667
420007,SC,26,31,8,0,16.25
420009,SC,40,43,60,0,35.75
420010,SC,47.5,33,40,30,37.625
420015,SC,50,34,80,0,41
420018,SC,38,17,22,0,19.25
420020,SC,30,12,5,30,19.25
420023,SC,48,53,38,10,37.25
420026,SC,34,29,8,20,22.75
420027,SC,42,32,12,0,21.5
420030,SC,25,44,30,40,34.75
420033,SC,15,58,75,50,49.5
420036,SC,42.5,17,42.5,30,33
420037,SC,27.5,61,,60,49.5
420038,SC,32.5,22,,0,18.16666667
420043,SC,23.33333333,12,,20,18.44444444
420048,SC,40,27,30,10,26.75
420049,SC,40,19,56,40,38.75
420051,SC,40,38,22,10,27.5
420053,SC,25,78,,10,37.66666667
420055,SC,60,25,,90,58.33333333
420065,SC,30,54,34,0,29.5
420067,SC,40,27,18,10,23.75
420068,SC,56,10,8,0,18.5
420070,SC,32,13,10,0,13.75
420071,SC,32,24,28,0,21
420072,SC,15,44,,70,43
420073,SC,50,41,26,20,34.25
420078,SC,17.5,18,48,0,20.875
420079,SC,12,18,46,0,19
420080,SC,60,16,76,0,38
420082,SC,24,20,40,0,21
420085,SC,44,17,24,40,31.25
420086,SC,52.5,26,28,0,26.625
420087,SC,36,62,6,0,26
420089,SC,25,56,30,0,27.75
420091,SC,52,16,58,10,34
420098,SC,36,29,7.5,0,18.125
420101,SC,16.66666667,52,,0,22.88888889
420102,SC,,88,100,90,92.66666667
420103,SC,57.5,62,,0,39.83333333
420104,SC,37.5,68,,30,45.16666667
420105,SC,42,41,28,60,42.75
420106,SC,30,41,,30,33.66666667
420107,SC,0,49,0,60,27.25
420109,SC,26.66666667,54,,100,60.22222222
430005,SD,58,48,50,20,44
430012,SD,56,37,75,40,52
430013,SD,52.5,27,,30,36.5
430014,SD,46,49,46.66666667,30,42.91666667
430015,SD,35,37,,60,44
430016,SD,62,23,28,10,30.75
430027,SD,46,28,30,0,26
430048,SD,30,55,,0,28.33333333
430077,SD,12,16,12,10,12.5
430095,SD,70,79,,0,49.66666667
430097,SD,27.5,47,,40,38.16666667
440002,TN,22,39,6,0,16.75
440006,TN,44,23,42,0,27.25
440007,TN,36.66666667,75,,0,37.22222222
440009,TN,22,26,63.33333333,30,35.33333333
440011,TN,42,15,38,20,28.75
440012,TN,58,15,20,10,25.75
440015,TN,44,25,32,20,30.25
440017,TN,52,15,22,0,22.25
440018,TN,36,35,75,0,36.5
440020,TN,23.33333333,46,,30,33.11111111
440030,TN,32,14,64,0,27.5
440031,TN,10,25,50,30,28.75
440032,TN,20,70,,10,33.33333333
440033,TN,43.33333333,24,100,0,41.83333333
440034,TN,44,30,32,40,36.5
440035,TN,56,9,30,0,23.75
440039,TN,54,36,14,0,26
440046,TN,48,34,53.33333333,10,36.33333333
440048,TN,68,19,30,0,29.25
440049,TN,34,26,42,0,25.5
440050,TN,0,15,30,10,13.75
440053,TN,26,33,26,0,21.25
440056,TN,30,25,60,40,38.75
440057,TN,0,77,,30,35.66666667
440058,TN,32,29,65,0,31.5
440059,TN,50,23,40,10,30.75
440061,TN,20,17,,0,12.33333333
440063,TN,38,12,8,0,14.5
440065,TN,28,50,55,0,33.25
440068,TN,10,41,80,30,40.25
440072,TN,30,15,40,0,21.25
440073,TN,46,42,38,0,31.5
440081,TN,42.5,21,75,40,44.625
440082,TN,54,33,12,0,24.75
440084,TN,20,45,85,0,37.5
440091,TN,48,35,22,20,31.25
440102,TN,25,51,,30,35.33333333
440104,TN,40,14,24,0,19.5
440110,TN,26.66666667,25,15,10,19.16666667
440111,TN,,25,35,0,20
440120,TN,36,27,48,30,35.25
440125,TN,44,29,32,10,28.75
440130,TN,42.5,49,40,0,32.875
440132,TN,44,33,65,30,43
440133,TN,50,27,32,0,27.25
440137,TN,36.66666667,31,,0,22.55555556
440144,TN,54,14,33.33333333,10,27.83333333
440148,TN,50,69,,0,39.66666667
440150,TN,40,17,60,10,31.75
440151,TN,47.5,28,15,0,22.625
440153,TN,20,30,50,0,25
440156,TN,32,34,52,30,37
440161,TN,52,44,34,0,32.5
440173,TN,34,28,18,30,27.5
440175,TN,26.66666667,33,,30,29.88888889
440176,TN,30,19,23.33333333,0,18.08333333
440183,TN,46,15,76,0,34.25
440184,TN,3.333333333,29,72.5,50,38.70833333
440185,TN,26,14,60,0,25
440187,TN,43.33333333,41,,20,34.77777778
440192,TN,36.66666667,91,,0,42.55555556
440193,TN,34,15,25,0,18.5
440194,TN,62,21,65,10,39.5
440197,TN,42,41,30,20,33.25
440227,TN,26,38,66,20,37.5
440228,TN,32,29,64,0,31.25
450002,TX,42,19,62,10,33.25
450007,TX,40,55,90,10,48.75
450010,TX,48,50,24,0,30.5
450011,TX,64,31,42,0,34.25
450015,TX,52,21,4,60,34.25
450018,TX,50,22,20,0,23
450021,TX,42,30,28,10,27.5
450023,TX,50,18,12,0,20
450024,TX,22.5,24,44,0,22.625
450028,TX,74,18,76,10,44.5
450029,TX,50,17,26,0,23.25
450032,TX,22,36,32,0,22.5
450033,TX,30,26,26,10,23
450034,TX,30,18,28,0,19
450035,TX,40,17,66,0,30.75
450039,TX,60,16,28,0,26
450040,TX,26,18,48,0,23
450042,TX,32,49,44,0,31.25
450044,TX,90,59,8,10,41.75
450046,TX,14,14,26,0,13.5
450051,TX,56,22,6,0,21
450054,TX,64,29,32,30,38.75
450055,TX,23.33333333,76,,0,33.11111111
450056,TX,28,26,16,10,20
450058,TX,34,27,44,0,26.25
450064,TX,44,21,42,10,29.25
450068,TX,32,33,20,10,23.75
450072,TX,54,22,,0,25.33333333
450079,TX,74,24,34,0,33
450080,TX,34,21,50,0,26.25
450082,TX,43.33333333,27,,0,23.44444444
450087,TX,30,26,52,10,29.5
450090,TX,33.33333333,48,,10,30.44444444
450092,TX,67.5,22,60,0,37.375
450097,TX,60,18,30,0,27
450099,TX,50,54,,0,34.66666667
450101,TX,16,39,50,10,28.75
450102,TX,32,27,6,0,16.25
450104,TX,48,67,86.66666667,10,52.91666667
450107,TX,28,22,50,10,27.5
450119,TX,60,17,70,0,36.75
450124,TX,42,32,12,10,24
450128,TX,84,22,18,0,31
450132,TX,20,17,54,0,22.75
450133,TX,26,19,46,0,22.75
450135,TX,34,19,32,0,21.25
450137,TX,40,18,54,0,28
450147,TX,52,23,44,0,29.75
450148,TX,50,30,,0,26.66666667
450152,TX,58,23,28,0,27.25
450154,TX,45,27,,50,40.66666667
450163,TX,45,22,,0,22.33333333
450165,TX,36.66666667,60,100,0,49.16666667
450176,TX,74,29,27.5,20,37.625
450184,TX,54,25,22,0,25.25
450187,TX,43.33333333,57,,20,40.11111111
450193,TX,72,20,26,0,29.5
450194,TX,52.5,33,,0,28.5
450196,TX,44,23,54,0,30.25
450200,TX,12,17,75,0,26
450203,TX,30,38,63.33333333,20,37.83333333
450209,TX,18,20,28,10,19
450211,TX,32,18,30,0,20
450213,TX,52,31,44,0,31.75
450222,TX,44,15,36,10,26.25
450229,TX,62,21,20,0,25.75
450231,TX,44,38,60,0,35.5
450236,TX,26,51,100,0,44.25
450237,TX,44,21,48,0,28.25
450271,TX,22,32,28,0,20.5
450272,TX,50,45,,10,35
450289,TX,25,40,34,20,29.75
450292,TX,42.5,29,,20,30.5
450299,TX,32,16,80,0,32
450324,TX,64,29,34,0,31.75
450330,TX,20,35,80,0,33.75
450340,TX,42,39,,0,27
450346,TX,36,15,12,10,18.25
450347,TX,28,18,33.33333333,0,19.83333333
450351,TX,32.5,59,,40,43.83333333
450352,TX,48,26,38,10,30.5
450358,TX,76,36,20,10,35.5
450372,TX,20,45,68,0,33.25
450379,TX,72.5,10,46.66666667,0,32.29166667
450388,TX,36,26,20,0,20.5
450389,TX,34,47,40,10,32.75
450395,TX,52.5,43,,10,35.16666667
450400,TX,53.33333333,69,,0,40.77777778
450403,TX,32,33,40,10,28.75
450411,TX,23.33333333,22,,30,25.11111111
450419,TX,33.33333333,15,,0,16.11111111
450424,TX,60,31,32,10,33.25
450431,TX,80,51,32,0,40.75
450447,TX,38,30,,30,32.66666667
450462,TX,36,22,14,0,18
450465,TX,27.5,26,,10,21.16666667
450469,TX,40,21,50,0,27.75
450475,TX,30,73,,0,34.33333333
450508,TX,56,23,80,0,39.75
450537,TX,22,28,12,0,15.5
450539,TX,67.5,37,,0,34.83333333
450558,TX,38,25,47.5,0,27.625
450563,TX,42,27,16,0,21.25
450565,TX,22.5,42,,0,21.5
450571,TX,44,46,36,0,31.5
450584,TX,16.66666667,81,,0,32.55555556
450587,TX,28,32,,0,20
450596,TX,56,21,56.66666667,0,33.41666667
450597,TX,26.66666667,67,,0,31.22222222
450604,TX,27.5,87,13.33333333,20,36.95833333
450610,TX,50,50,40,0,35
450617,TX,50,20,30,0,25
450634,TX,32,40,68,10,37.5
450638,TX,48,22,44,0,28.5
450639,TX,44,20,32,0,24
450643,TX,84,26,44,20,43.5
450644,TX,56,16,50,10,33
450647,TX,44,33,40,0,29.25
450651,TX,22,21,56,0,24.75
450653,TX,22.5,20,100,10,38.125
450656,TX,40,37,22.5,40,34.875
450659,TX,72.5,36,38,30,44.125
450661,TX,50,13,65,20,37
450662,TX,70,14,60,30,43.5
450668,TX,20,27,50,0,24.25
450669,TX,38,36,52,10,34
450670,TX,38,15,32,20,26.25
450672,TX,24,39,68,0,32.75
450674,TX,,22,65,0,29
450675,TX,40,18,52,10,30
450677,TX,64,40,44,10,39.5
450678,TX,48,10,93.33333333,0,37.83333333
450684,TX,57.5,20,24,10,27.875
450686,TX,52,41,22,0,28.75
450688,TX,50,24,100,0,43.5
450690,TX,20,60,,40,40
450697,TX,55,12,20,0,21.75
450702,TX,32,14,46,0,23
450709,TX,58,19,28,0,26.25
450711,TX,76,23,30,30,39.75
450713,TX,38,35,26,0,24.75
450718,TX,66,39,24,0,32.25
450723,TX,50,32,12.5,0,23.625
450730,TX,44,20,83.33333333,20,41.83333333
450742,TX,60,29,32,0,30.25
450743,TX,50,24,58,0,33
450747,TX,38,41,100,0,44.75
450771,TX,30,23,52,0,26.25
450775,TX,58,20,36,0,28.5
450779,TX,34,40,66,10,37.5
450788,TX,58,20,44,0,30.5
450801,TX,26,46,40,20,33
450809,TX,34,31,18,0,20.75
450820,TX,84,40,44,20,47
450822,TX,30,22,66.66666667,10,32.16666667
450828,TX,40,56,,0,32
450840,TX,26,49,,10,28.33333333
450844,TX,88,30,38,0,39
450847,TX,28,39,44,0,27.75
450848,TX,64,30,46,20,40
450851,TX,80,72,,30,60.66666667
450853,TX,,53,60,30,47.66666667
450855,TX,54,36,86.66666667,0,44.16666667
450862,TX,76,17,74,10,44.25
450867,TX,45,33,35,10,30.75
450869,TX,52,17,54,0,30.75
450885,TX,58,36,0,0,23.5
450890,TX,48,31,12,0,22.75
450893,TX,55,89,,60,68
460001,UT,26,39,26,10,25.25
460003,UT,47.5,27,26.66666667,0,25.29166667
460004,UT,46,33,42,10,32.75
460005,UT,32,15,28,0,18.75
460006,UT,50,53,42,40,46.25
460007,UT,32.5,63,,70,55.16666667
460009,UT,64,47,22,0,33.25
460010,UT,28,27,42,0,24.25
460011,UT,32.5,42,,0,24.83333333
460013,UT,30,43,,10,27.66666667
460014,UT,40,31,,0,23.66666667
460015,UT,44,44,20,50,39.5
460017,UT,53.33333333,32,,0,28.44444444
460019,UT,37.5,17,,100,51.5
460021,UT,40,53,38,20,37.75
460023,UT,36.66666667,31,70,30,41.91666667
460026,UT,45,63,,0,36
460030,UT,40,34,,100,58
460041,UT,50,16,22.5,30,29.625
460042,UT,36,38,,20,31.33333333
460044,UT,62.5,35,,10,35.83333333
460047,UT,58,16,30,0,26
460051,UT,24,14,60,0,24.5
460052,UT,42.5,33,55,10,35.125
460057,UT,50,81,,30,53.66666667
460058,UT,73.33333333,48,55,0,44.08333333
460060,UT,70,49,,60,59.66666667
470001,VT,60,49,45,70,56
470003,VT,64,34,28,10,34
470005,VT,46,42,54,20,40.5
470011,VT,40,23,,30,31
470012,VT,28,55,53.33333333,40,44.08333333
470024,VT,50,31,,20,33.66666667
490001,VA,40,47,50,70,51.75
490004,VA,88,27,64,60,59.75
490005,VA,46,21,30,20,29.25
490007,VA,52.5,25,32,20,32.375
490009,VA,62,36,20,0,29.5
490011,VA,22,12,90,0,31
490013,VA,50,30,50,30,40
490017,VA,42,30,54,30,39
490018,VA,42,27,24,50,35.75
490019,VA,42,28,,10,26.66666667
490020,VA,30,27,27.5,20,26.125
490021,VA,58,14,10,10,23
490022,VA,50,17,12,20,24.75
490023,VA,30,18,85,0,33.25
490024,VA,54,14,14,0,20.5
490032,VA,54,36,46,10,36.5
490033,VA,13.33333333,22,,40,25.11111111
490037,VA,30,54,,60,48
490038,VA,50,84,,40,58
490040,VA,70,15,44,0,32.25
490041,VA,42,38,76,20,44
490042,VA,48,19,40,30,34.25
490043,VA,62,24,74,0,40
490044,VA,60,37,20,50,41.75
490045,VA,68,24,47.5,10,37.375
490046,VA,52,45,38,60,48.75
490048,VA,38,18,20,0,19
490050,VA,46,50,26,30,38
490052,VA,28,35,34,0,24.25
490053,VA,24,20,62,0,26.5
490057,VA,40,27,58,30,38.75
490059,VA,52,23,64,0,34.75
490060,VA,17.5,36,30,40,30.875
490063,VA,56,34,34,0,31
490066,VA,62,35,32,50,44.75
490067,VA,48,14,62,0,31
490069,VA,42,25,28,0,23.75
490075,VA,64,9,36,0,27.25
490077,VA,48,34,44,50,44
490084,VA,42,63,,40,48.33333333
490088,VA,16.66666667,14,,60,30.22222222
490089,VA,3.333333333,32,,80,38.44444444
490090,VA,62,15,80,20,44.25
490092,VA,27.5,14,,90,43.83333333
490093,VA,46,32,56,40,43.5
490098,VA,37.5,26,45,50,39.625
490101,VA,70,43,42,30,46.25
490107,VA,46,26,74,10,39
490110,VA,52,35,37.5,40,41.125
490111,VA,42,19,60,10,32.75
490112,VA,32,17,40,0,22.25
490113,VA,60,16,32,30,34.5
490114,VA,0,36,35,80,37.75
490115,VA,22.5,11,60,0,23.375
490116,VA,22,38,,0,20
490118,VA,62,27,44,0,33.25
490119,VA,58,36,30,50,43.5
490120,VA,62,15,50,40,41.75
490122,VA,70,53,52.5,20,48.875
490126,VA,50,44,,0,31.33333333
490127,VA,33.33333333,64,,10,35.77777778
490130,VA,24,44,,60,42.66666667
490136,VA,36,27,56,0,29.75
490140,VA,50,24,3.333333333,50,31.83333333
490141,VA,34,21,57.5,10,30.625
490143,VA,34,36,,40,36.66666667
490144,VA,3.333333333,25,50,0,19.58333333
490145,VA,43.33333333,26,,70,46.44444444
500002,WA,46,32,62.5,50,47.625
500003,WA,26,21,12,60,29.75
500005,WA,74,57,66,30,56.75
500007,WA,36,51,,60,49
500008,WA,52,63,14,10,34.75
500011,WA,22,16,46,60,36
500014,WA,28,25,50,40,35.75
500015,WA,32,9,64,10,28.75
500016,WA,46,42,30,50,42
500019,WA,26,26,80,60,48
500021,WA,42,14,62.5,80,49.625
500024,WA,26,17,28,70,35.25
500025,WA,35,21,50,10,29
500026,WA,46,10,58,30,36
500027,WA,74,15,42,40,42.75
500030,WA,38,24,36,40,34.5
500031,WA,38,14,56.66666667,0,27.16666667
500033,WA,58,17,,100,58.33333333
500036,WA,22,15,32,60,32.25
500037,WA,30,25,,70,41.66666667
500039,WA,24,14,42,30,27.5
500041,WA,20,22,8,50,25
500044,WA,20,17,56,0,23.25
500050,WA,38,23,44,50,38.75
500051,WA,32,23,44,40,34.75
500053,WA,38,15,20,20,23.25
500054,WA,50,21,62,0,33.25
500058,WA,50,28,18,40,34
500060,WA,35,38,50,0,30.75
500064,WA,50,18,12,0,20
500072,WA,36,38,47.5,70,47.875
500077,WA,20,17,40,10,21.75
500079,WA,20,20,46,50,34
500084,WA,27.5,16,,0,14.5
500088,WA,32,25,16,60,33.25
500108,WA,60,19,48,10,34.25
500119,WA,26,28,57.5,30,35.375
500124,WA,36,33,16,40,31.25
500129,WA,44,22,26,40,33
500141,WA,44,13,32,40,32.25
500150,WA,46,58,52,100,64
500151,WA,44,27,88,50,52.25
500152,WA,50,27,40,30,36.75
510001,WV,38,16,30,0,21
510002,WV,54,23,60,0,34.25
510006,WV,62,20,60,30,43
510007,WV,60,20,16,0,24
510008,WV,30,13,30,50,30.75
510012,WV,46,28,,60,44.66666667
510013,WV,28,25,,10,21
510022,WV,38,17,4,0,14.75
510023,WV,64,21,40,0,31.25
510024,WV,56,40,36,0,33
510029,WV,54,18,12,20,26
510030,WV,50,23,35,80,47
510038,WV,54,54,,80,62.66666667
510046,WV,32,31,60,0,30.75
510047,WV,42.5,23,,10,25.16666667
510048,WV,85,20,35,40,45
510050,WV,6,17,32,0,13.75
510055,WV,50,39,30,0,29.75
510058,WV,40,24,18,10,23
510062,WV,24,18,75,0,29.25
510070,WV,20,9,60,0,22.25
510071,WV,46,27,20,0,23.25
520002,WI,54,37,50,90,57.75
520004,WI,46,57,48,50,50.25
520008,WI,46,33,54,0,33.25
520009,WI,22,55,16,50,35.75
520011,WI,45,59,85,40,57.25
520013,WI,38,32,58,0,32
520017,WI,30,76,,60,55.33333333
520019,WI,44,28,,90,54
520021,WI,14,25,38,0,19.25
520027,WI,58,19,54,40,42.75
520028,WI,52,81,65,60,64.5
520030,WI,32,28,40,50,37.5
520033,WI,30,60,20,80,47.5
520034,WI,50,53,,70,57.66666667
520035,WI,46,55,63.33333333,50,53.58333333
520037,WI,44,27,8,0,19.75
520038,WI,27.5,77,,50,51.5
520041,WI,32.5,32,,70,44.83333333
520044,WI,27.5,22,,60,36.5
520045,WI,44,20,46,30,35
520049,WI,48,54,68,20,47.5
520051,WI,47.5,15,42,20,31.125
520057,WI,20,75,,90,61.66666667
520059,WI,36,23,0,40,24.75
520062,WI,54,34,,30,39.33333333
520063,WI,35,38,100,10,45.75
520066,WI,32,47,66,20,41.25
520070,WI,64,37,34,20,38.75
520071,WI,42.5,57,,60,53.16666667
520075,WI,44,38,36,10,32
520076,WI,25,48,,50,41
520078,WI,22.5,28,20,30,25.125
520083,WI,58,41,20,30,37.25
520087,WI,32,72,24,10,34.5
520088,WI,18,40,40,40,34.5
520089,WI,74,39,38,40,47.75
520091,WI,50,43,,70,54.33333333
520095,WI,32.5,100,,70,67.5
520096,WI,12,21,48,10,22.75
520097,WI,38,26,16.66666667,40,30.16666667
520098,WI,56,48,34,30,42
520100,WI,24,20,77.5,10,32.875
520102,WI,58,59,15,10,35.5
520103,WI,72,39,40,30,45.25
520107,WI,32,21,,20,24.33333333
520109,WI,30,50,,40,40
520113,WI,50,64,70,60,61
520116,WI,32.5,49,,50,43.83333333
520136,WI,28,31,8,40,26.75
520138,WI,52,38,28,0,29.5
520139,WI,34,31,22,10,24.25
520160,WI,30,23,24,30,26.75
520177,WI,62.5,40,44,20,41.625
520189,WI,46,58,30,10,36
520193,WI,36,67,38,30,42.75
520198,WI,30,69,42.5,20,40.375
520202,WI,58,27,62.5,30,44.375
520206,WI,30,52,37.5,30,37.375
520207,WI,36,76,40,40,48
520208,WI,57.5,51,,10,39.5
520210,WI,,38,50,30,39.33333333
530002,WY,50,40,,50,46.66666667
530006,WY,52,38,,70,53.33333333
530008,WY,10,15,,60,28.33333333
530011,WY,43.33333333,26,,40,36.44444444
530012,WY,32,25,74,0,32.75
530014,WY,44,27,14,0,21.25
530015,WY,47.5,82,,90,73.16666667
530025,WY,15,58,,70,47.66666667
530032,WY,17.5,41,,50,36.16666667
670004,TX,27.5,61,,0,29.5
670023,TX,34,47,30,0,27.75
670025,TX,63.33333333,77,35,10,46.33333333
670031,TX,50,18,53.33333333,20,35.33333333
670034,TX,30,43,24,0,24.25
670041,TX,38,22,20,10,22.5
670043,TX,26,27,57.5,0,27.625
670044,TX,65,28,50,20,40.75
670047,TX,64,18,52,30,41
670053,TX,42,33,56.66666667,0,32.91666667
670055,TX,44,28,24,0,24
670056,TX,40,29,68,0,34.25
670060,TX,32,17,67.5,30,36.625
670068,TX,42.5,43,40,20,36.375
670071,TX,80,58,100,40,69.5
670075,TX,50,21,40,0,27.75
670077,TX,66,30,26,0,30.5
670078,TX,60,74,,100,78
670080,TX,58,35,70,40,50.75
670082,TX,62,19,56,0,34.25
670085,TX,72,36,72.5,20,50.125
670088,TX,52,39,22,20,33.25
670098,TX,28,40,35,20,30.75
670103,TX,35,55,50,20,40
670106,TX,13.33333333,41,,0,18.11111111
670108,TX,55,61,,20,45.33333333
670120,TX,40,20,93.33333333,10,40.83333333
670122,TX,64,28,72,0,41
